cohort,seed,replicate_index,leg,direction,state,n,mean,sd,min,p01,p05,p50,p95,p99,max,frac_gt_120,frac_gt_150,frac_gt_180,frac_lt_0
w23a_gateA,s7,0,bound,dplus,0,800,161.73536730802172,18.02611543699883,110.9662707056,126.089738946177,130.02644688978998,163.19268556334998,188.97017773859,195.66664595327202,197.8163086487,0.99875,0.7175,0.17375,0.0
w23a_gateA,s7,0,bound,dplus,1,800,140.11899091322715,17.302002887327887,40.5917632648,80.32064346688,124.72881750935,138.0654349724,167.65223836260498,183.216721704089,197.9957202763,0.97,0.23,0.02125,0.0
w23a_gateA,s7,0,bound,dplus,2,800,122.30497866177275,27.589838418897525,12.2632816234,21.907786265368003,51.6055630452,129.320394633,148.47450812527,160.826076610452,181.2913177733,0.82125,0.04375,0.00125,0.0
w23a_gateA,s7,0,bound,dplus,3,800,98.71399202889043,38.36462387495952,6.145061544,12.341257244845,26.234287240095,123.02590563295,136.950575861245,143.87384169645898,160.6685623893,0.51,0.005,0.0,0.0
w23a_gateA,s7,0,bound,dplus,4,800,81.56637155013712,37.92140599718203,1.5684751434,13.612300953072001,24.05034898575,76.98365424835,131.776104834675,139.03849694993198,151.5075990744,0.29625,0.00125,0.0,0.0
w23a_gateA,s7,0,bound,dplus,5,800,60.61207960853831,28.598545787529595,2.0980689083,9.174680983331001,18.498005329115,58.730641469,124.01835220864498,127.550258971039,129.2871340233,0.0575,0.0,0.0,0.0
w23a_gateA,s7,0,bound,dplus,6,800,55.87475278693467,25.169994588729963,-0.9371172174,9.402077202632,18.70550151989,55.1129955635,96.540952139075,126.129106687442,128.9756478897,0.0275,0.0,0.0,0.00125
w23a_gateA,s7,0,bound,dplus,7,800,54.45294764284315,23.11034344152847,-0.8750317429,10.227071787582,17.598851278685004,55.39144658225,89.74414482623001,124.180204077682,127.1462437944,0.01375,0.0,0.0,0.00125
w23a_gateA,s7,0,bound,dplus,8,800,34.37645977478912,19.272346426648177,2.3170018971,4.628654173645001,9.893145296775,30.8276553911,69.76290350887,89.445726091916,124.6754006581,0.005,0.0,0.0,0.0
w23a_gateA,s7,0,bound,dplus,9,800,24.179887007886744,15.533146463557156,-3.6044585773,0.6135165212489999,5.239395520845001,20.81415530145,51.07095109344498,72.92197583049996,124.4909543507,0.00125,0.0,0.0,0.0075
w23a_gateA,s7,0,bound,dplus,10,800,13.605611925577621,10.940001905308055,-5.9261285552,-2.985886524547,1.185785880735,12.22640378525,28.915422778704997,41.66356394900399,124.1249754174,0.00375,0.0,0.0,0.03
w23a_gateA,s7,0,bound,dplus,11,800,5.801385636483876,9.182945928417361,-10.9529513474,-5.8560816689849995,-2.797884239069999,4.6071623296999995,15.067070984699994,21.387657034192998,126.8580995066,0.00375,0.0,0.0,0.13875
w23a_gateA,s7,0,bound,dplus,12,800,1.6451664060531255,8.912553323194762,-12.552469228,-9.450662587377,-6.854714854945,0.8551923996499999,9.449129122849996,13.022017469823998,125.5473288399,0.00375,0.0,0.0,0.42
w23a_gateA,s7,0,bound,dplus,13,800,-2.6589248102908742,4.576555848101382,-16.7535085295,-12.826084115084,-10.011212730005,-2.7825262533000004,4.818836452854999,9.683592816415999,14.6526387727,0.0,0.0,0.0,0.73125
w23a_gateA,s7,0,bound,dplus,14,800,-5.539008940351497,6.247500055399686,-19.7417804434,-15.841218499752001,-12.69426218181,-5.46912344645,1.1792972484199986,4.594313437386991,121.7144127584,0.00125,0.0,0.0,0.9075
w23a_gateA,s7,0,bound,dminus,0,800,5.338491290295752,4.154703561756623,-6.2437914526,-4.602482578708001,-1.3889991074549997,5.3691098157,12.348509108379988,15.716769800140998,22.0793218959,0.0,0.0,0.0,0.09625
w23a_gateA,s7,0,bound,dminus,1,800,8.325074155355255,6.146940368786839,-4.9985809034,-1.950051068852,0.9653474358999999,8.16062212445,15.88004059363,18.782888963129995,127.4247715237,0.00125,0.0,0.0,0.02875
w23a_gateA,s7,0,bound,dminus,2,800,11.744465399169362,6.144421219665766,-6.990917782,1.7428956478930002,4.48616567578,11.36350905235,20.20823841567999,24.048794514792995,123.8435703066,0.00125,0.0,0.0,0.0025
w23a_gateA,s7,0,bound,dminus,3,800,16.078755717739867,7.80476030051566,1.4419701542,5.048858467542001,8.018595766625,15.211057936500001,25.67458435405999,32.901674347231996,127.2235040205,0.0025,0.0,0.0,0.0
w23a_gateA,s7,0,bound,dminus,4,800,24.431234030377844,10.621700684724589,2.1228097365,8.286431569644,11.99485530817,22.610666191150003,42.32198740742499,56.84071061257098,125.151636551,0.0025,0.0,0.0,0.0
w23a_gateA,s7,0,bound,dminus,5,800,36.04175240602564,16.420305540452436,9.0656462864,11.064457793093,15.628431039375,32.565581866900004,65.88701937436993,84.36460418412196,126.8203969813,0.00375,0.0,0.0,0.0
w23a_gateA,s7,0,bound,dminus,6,800,47.225666547368974,18.816140639837172,9.3088532953,15.346651678988,19.96936105173,45.44960153265,81.12095090676999,94.908255874318,125.0053255814,0.00375,0.0,0.0,0.0
w23a_gateA,s7,0,bound,dminus,7,800,62.80600228619295,19.744602313787738,14.4542453394,19.9820115507,28.61308285653,64.31576672295,92.79076774991499,103.456583796434,122.900814693,0.00375,0.0,0.0,0.0
w23a_gateA,s7,0,bound,dminus,8,800,64.04184581729989,21.214237646752725,13.1497501643,20.564606704859,28.07209897456,65.07993154725,96.19627272424998,109.777078681397,124.6742835535,0.005,0.0,0.0,0.0
w23a_gateA,s7,0,bound,dminus,9,800,66.71600242938281,21.924248152062066,10.5727361675,20.270202520023,30.27192037372,67.3376488184,101.12621597251497,118.86832760453099,126.2894451694,0.00875,0.0,0.0,0.0
w23a_gateA,s7,0,bound,dminus,10,800,80.94026996012575,30.270833776896076,11.194757932,19.756648280644,32.585432880495,80.81661538005,129.67900140425502,136.903961747864,151.411073813,0.14625,0.00125,0.0,0.0
w23a_gateA,s7,0,bound,dminus,11,800,97.9260782610358,33.71049081381013,15.0209503466,26.070932421177,38.123258805855,105.79380587655001,140.378382223245,148.39203312441697,173.1001920129,0.37,0.00875,0.0,0.0
w23a_gateA,s7,0,bound,dminus,12,800,137.0238225426035,20.423302943231356,13.9750668469,45.106124148568,110.701865346645,138.11093619925,160.62518665600498,179.50017680832397,192.5907730365,0.93125,0.185,0.00875,0.0
w23a_gateA,s7,0,bound,dminus,13,800,153.42762296433312,16.786694117717015,22.6315558527,123.31419521715799,129.95477063694,153.25065774185,180.13079880592994,192.845429166701,198.761188732,0.995,0.57125,0.0525,0.0
w23a_gateA,s7,0,bound,dminus,14,800,169.6898288409111,15.42411021443517,52.4150782744,128.996683077326,141.31374995759,171.57040637945,191.46619070264498,196.83019518846498,199.4894918367,0.9975,0.90375,0.245,0.0
w23a_gateA,s19,1,bound,dplus,0,800,162.11865854734685,18.545089939685546,113.5748327521,126.751242716072,131.92537498661002,161.85994853260001,190.91553567457498,195.700237926054,198.0553153231,0.9975,0.7225,0.20875,0.0
w23a_gateA,s19,1,bound,dplus,1,800,138.5756840137914,17.63342961938599,22.5645688934,69.224335358642,120.81860670043,136.27397712225002,167.85989629555996,179.94500575355102,196.7068246774,0.95125,0.195,0.01,0.0
w23a_gateA,s19,1,bound,dplus,2,800,115.89827945474428,30.060683040122974,9.1965859524,31.178671725616002,46.45753353550499,127.98579184955,144.94024974106,157.427921774129,190.9565273137,0.67375,0.02375,0.0025,0.0
w23a_gateA,s19,1,bound,dplus,3,800,93.189959508311,35.39030319380585,12.9520569431,21.228046016119002,33.266237452220004,95.50263093035,134.279218037115,141.96506416165,155.2742575978,0.37375,0.0025,0.0,0.0
w23a_gateA,s19,1,bound,dplus,4,800,83.30971757644362,33.95124830669289,3.8205907176,19.851748756457003,28.790820032405,80.26018015060001,131.22518028135,135.24246667460898,143.5572203762,0.2475,0.0,0.0,0.0
w23a_gateA,s19,1,bound,dplus,5,800,63.96319841533506,25.54856042056219,10.4070192997,16.274267017919996,25.0898372147,63.41272649525,108.22037739238498,127.541415833689,133.7589066272,0.0325,0.0,0.0,0.0
w23a_gateA,s19,1,bound,dplus,6,800,60.07950541531173,21.61039898377886,5.8733792424,12.886253342347999,24.751132943165004,61.2441695671,94.21149813647997,106.62290639001299,128.1587892023,0.00625,0.0,0.0,0.0
w23a_gateA,s19,1,bound,dplus,7,800,58.26445008235392,21.427524929025413,8.3318239872,13.734833405544002,23.536264919155002,58.33268758215,92.14995696029499,102.52418569023298,127.0840230731,0.00625,0.0,0.0,0.0
w23a_gateA,s19,1,bound,dplus,8,800,40.70659626936836,20.180993168783466,-0.2004940697,5.865536866624,12.603806446430001,38.246519478950006,74.80035785507498,93.64821249852099,127.3822236146,0.00375,0.0,0.0,0.00125
w23a_gateA,s19,1,bound,dplus,9,800,29.68168046589147,16.384338498229948,-2.816719945,4.339027769515999,8.73241533969,26.70550665485,58.10826959847999,70.347312212411,127.1752045176,0.00375,0.0,0.0,0.00125
w23a_gateA,s19,1,bound,dplus,10,800,16.50308201402137,11.771990627922833,-4.8660074092,-0.2492965202259999,3.0936888481150002,14.44502587985,34.66775868634999,45.310432040246994,131.4999666159,0.00375,0.0,0.0,0.01375
w23a_gateA,s19,1,bound,dplus,11,800,7.138671387635127,8.492285185717384,-6.8676804493,-4.466366011149001,-1.832058324825,6.21286541735,17.585827333264994,24.943138107951995,127.5097166542,0.0025,0.0,0.0,0.11375
w23a_gateA,s19,1,bound,dplus,12,800,2.072842952778999,6.741976172031271,-11.0619510337,-8.595656911021,-5.584541743875,1.79557727355,10.946906182814999,15.411271921312,125.8449716132,0.00125,0.0,0.0,0.39125
w23a_gateA,s19,1,bound,dplus,13,800,-1.434753052828127,6.225657349257946,-14.2679889161,-11.595055195371,-8.425442347334998,-1.9276839597,6.511050747634998,11.945894142909985,112.7219792688,0.0,0.0,0.0,0.66375
w23a_gateA,s19,1,bound,dplus,14,800,-4.624980398272122,6.250689814784691,-17.7158333831,-15.113877830682998,-11.87167632652,-4.85200316685,2.630475191959999,6.160204798054,124.9523822064,0.00125,0.0,0.0,0.87125
w23a_gateA,s19,1,bound,dminus,0,800,5.312630068330879,9.55135267470808,-12.135609614,-5.44835515501,-2.746150233765,5.03055725685,11.467805647259995,13.488347069944995,125.5774467345,0.005,0.0,0.0,0.15375
w23a_gateA,s19,1,bound,dminus,1,800,8.50937740441725,9.388596003550951,-9.1426696194,-3.483608967925,0.79754160189,8.13669821045,15.215025805134998,20.334453983968995,127.2591585201,0.005,0.0,0.0,0.03625
w23a_gateA,s19,1,bound,dminus,2,800,11.885998514566374,9.264155532090461,-1.684943759,1.940719575289,4.3093154353,11.0477133873,19.650181028194996,27.40548770238499,125.4618882644,0.005,0.0,0.0,0.005
w23a_gateA,s19,1,bound,dminus,3,800,16.36458593769375,9.808336884685742,-1.298193266,4.401475020211,7.249821212475,15.16846169935,26.578791601905,37.97090198523299,126.909216647,0.005,0.0,0.0,0.00125
w23a_gateA,s19,1,bound,dminus,4,800,25.455296400307642,12.421279245846987,1.8410910612,7.400558209066,10.780990921535,23.612553029399997,43.97922610694,58.24608067938497,126.0561176343,0.005,0.0,0.0,0.0
w23a_gateA,s19,1,bound,dminus,5,800,39.59030270215475,16.893338707609406,10.0237698674,12.425600128454,17.87990475249,37.00375967225,70.86361361733995,89.151998778862,125.3500347975,0.00375,0.0,0.0,0.0
w23a_gateA,s19,1,bound,dminus,6,800,52.70916081868152,19.81113256685066,10.7935363886,16.773233504881002,22.14971655414,51.226001396650005,86.50926987478499,99.15160199200699,125.4350867823,0.00375,0.0,0.0,0.0
w23a_gateA,s19,1,bound,dminus,7,800,67.11955728205588,18.56506269049519,18.668121863,25.316913670409,34.208664611459994,68.13273967795,94.74625013073499,104.87609345139299,127.6847184314,0.00375,0.0,0.0,0.0
w23a_gateA,s19,1,bound,dminus,8,800,68.99308402424376,20.459888201552843,7.6360465464,23.020645054042,33.946225109785004,70.13452942015,99.57368752235999,115.225787421268,129.9963416952,0.00875,0.0,0.0,0.0
w23a_gateA,s19,1,bound,dminus,9,800,76.29807735442856,24.52412463481113,15.333244951,24.660140378558996,38.64995836075,75.14758137395,125.436046913445,131.25872788974698,139.6924003789,0.0675,0.0,0.0,0.0
w23a_gateA,s19,1,bound,dminus,10,800,97.4385340929476,30.8383447753751,20.3675366724,33.210120119009005,45.53089615945001,98.94382338225,138.028978317895,149.35232522803298,164.5643801717,0.31875,0.01,0.0,0.0
w23a_gateA,s19,1,bound,dminus,11,800,118.95470225242383,28.944211001148947,13.0780951243,37.898493050191,58.7322752973,129.70505409835,149.37585755701,157.076435409747,181.0500502486,0.66,0.04625,0.00125,0.0
w23a_gateA,s19,1,bound,dminus,12,800,144.84182101499,16.88470064022665,22.8215467406,84.309744898769,125.651461162875,144.21536556425002,172.638856426275,185.711466025331,197.6676912477,0.96875,0.3575,0.02125,0.0
w23a_gateA,s19,1,bound,dminus,13,800,160.45895721978678,17.332081283830103,16.5747210355,127.30985033368799,134.21582494811,159.87457746305,187.19624536007998,194.372020614904,198.9224137388,0.99625,0.735,0.13625,0.0
w23a_gateA,s19,1,bound,dminus,14,800,173.5362294224159,13.413369470667783,125.2304980003,137.921876371299,148.709663133725,174.6725130377,192.21788296499,196.452176034142,198.2847465924,1.0,0.94375,0.33875,0.0
w23a_gateA,s23,2,bound,dplus,0,800,158.21919594968202,17.54802693227358,122.821616032,127.233073924406,131.05961378553002,156.8067392904,186.90875482739497,193.512722250224,197.9804389087,1.0,0.64375,0.1325,0.0
w23a_gateA,s23,2,bound,dplus,1,800,140.93850115695574,14.01869370613034,16.0764034118,124.533947515988,126.73762206492,138.06831254195,167.52998030506998,183.30278528643197,189.8627262068,0.99375,0.20125,0.01375,0.0
w23a_gateA,s23,2,bound,dplus,2,800,131.90487819079897,13.6399126469498,17.9604408162,52.880243188307,124.455432884185,131.54380554829999,148.75067048279,155.77280664188302,177.9258680901,0.97125,0.04,0.0,0.0
w23a_gateA,s23,2,bound,dplus,3,800,121.57243464901838,25.571444694540777,7.0049220244,22.665004985493997,48.990550870895,129.35806162355,138.248757431665,143.364289741512,152.7825011146,0.85375,0.0025,0.0,0.0
w23a_gateA,s23,2,bound,dplus,4,800,90.5860623362969,39.520410448624716,7.8440095453,12.916910962859,23.692879029515,96.05708222545,133.334370885805,138.29579004681,142.3079904459,0.4275,0.0,0.0,0.0
w23a_gateA,s23,2,bound,dplus,5,800,60.964910733442885,28.695295552686016,4.3630217047,10.009606910243999,19.112348100604997,58.8115159686,125.90711633613,129.94908255302101,136.7630570376,0.0725,0.0,0.0,0.0
w23a_gateA,s23,2,bound,dplus,6,800,55.15002788732337,25.438127348113166,0.672903845,10.649864532342999,17.36815472632,53.42233340555,95.498254604555,126.138875764568,127.2819970302,0.0325,0.0,0.0,0.0
w23a_gateA,s23,2,bound,dplus,7,800,53.7926604356406,24.085110543084273,1.3782508515,8.658535959143999,17.13847348153,53.45314273875,89.73653585462,124.236827699079,128.5233444294,0.015,0.0,0.0,0.0
w23a_gateA,s23,2,bound,dplus,8,800,35.07062359711099,21.382543733516865,-0.6112851787,4.768901992719,8.919115230640001,30.6098894225,75.86150597886,93.78085834804,127.1374049534,0.00875,0.0,0.0,0.00125
w23a_gateA,s23,2,bound,dplus,9,800,24.165683602657005,15.819054176078708,-5.0450283072,0.4405991388370001,5.332908849180001,21.19051931465,50.43717743556999,72.29405361198799,126.6423074856,0.00625,0.0,0.0,0.00875
w23a_gateA,s23,2,bound,dplus,10,800,13.711021856829001,12.478361770722998,-11.7038121415,-2.9261560969139997,1.0918991059299998,11.93278150395,31.205268115889996,47.942501381762995,125.7359161885,0.00625,0.0,0.0,0.03
w23a_gateA,s23,2,bound,dplus,11,800,5.451558487802751,8.256864648269753,-11.1639485988,-5.717675407810999,-3.0100251702999996,4.669481208200001,15.244166299449997,21.840180785463993,127.2144284437,0.0025,0.0,0.0,0.16625
w23a_gateA,s23,2,bound,dplus,12,800,1.3830056891611247,8.834876682076983,-14.7719082367,-8.60009158773,-6.74181732124,0.7848210818,8.907258305404996,14.820421266312994,129.1897898418,0.0025,0.0,0.0,0.425
w23a_gateA,s23,2,bound,dplus,13,800,-2.4094540032673724,6.268813978433728,-15.5780857881,-12.764225042609,-9.438415877405001,-2.6992010113,5.101990563034999,8.748002061436997,122.4403451271,0.00125,0.0,0.0,0.71375
w23a_gateA,s23,2,bound,dplus,14,800,-5.185950608212379,6.270424319542412,-19.9373730282,-15.20253168691,-12.163968204760002,-5.4627048354,1.5765509231549975,5.264470116805999,125.713560766,0.00125,0.0,0.0,0.9
w23a_gateA,s23,2,bound,dminus,0,800,6.796206693745128,11.063220294476034,-8.4744338552,-3.89839128599,-1.41906154767,5.949468959100001,13.760335130814992,19.250378581316966,125.616918101,0.0075,0.0,0.0,0.09625
w23a_gateA,s23,2,bound,dminus,1,800,11.305758311518632,17.72901527900868,-7.4598264968,-0.464686435646,1.6041159401950003,8.682396854099999,17.288727331795,123.617682755071,126.284883132,0.0225,0.0,0.0,0.01375
w23a_gateA,s23,2,bound,dminus,2,800,14.435337660418496,17.658734909130747,0.2289693625,1.031055341042,4.69231979342,11.7599458129,21.21388305902,124.566779392232,127.6212484262,0.02125,0.0,0.0,0.0
w23a_gateA,s23,2,bound,dminus,3,800,18.815597234186633,18.99645692370358,1.2746194581,5.422914114806,7.834790085705,15.1866672144,29.994122886265,125.102484126041,131.08991295,0.0275,0.0,0.0,0.0
w23a_gateA,s23,2,bound,dminus,4,800,27.514044056768384,19.403508456121976,6.5745249761,9.165638910915,11.687252124925001,23.514406630899998,50.34051315278998,126.710305733424,129.280728576,0.02875,0.0,0.0,0.0
w23a_gateA,s23,2,bound,dminus,5,800,41.792337835553525,23.166776053283,6.6265740768,12.332380889234,17.094756904985,36.6359149065,79.90581446803499,126.086284189631,131.3945910202,0.03875,0.0,0.0,0.0
w23a_gateA,s23,2,bound,dminus,6,800,54.97936115638299,25.18264747927328,8.1747430688,16.390917688692998,22.37950283069,50.72873409115,120.82810307848499,128.521916315598,130.9804120427,0.05375,0.0,0.0,0.0
w23a_gateA,s23,2,bound,dminus,7,800,68.01811409511551,23.34591455314989,11.9787620997,19.630393033718,32.331244211605004,67.31944330335,125.11096900010499,127.816578721767,131.283200405,0.06875,0.0,0.0,0.0
w23a_gateA,s23,2,bound,dminus,8,800,71.06518590149265,25.618936245701757,16.8013563576,23.271428358004,30.54817739454,69.77146943715,125.65296719813499,129.37214206000198,133.2765055426,0.0775,0.0,0.0,0.0
w23a_gateA,s23,2,bound,dminus,9,800,78.34447160031563,28.52792162011204,15.8913140087,24.887261180971002,36.553231525579996,74.9491879407,130.853945921895,135.377036688101,142.4820551694,0.15125,0.0,0.0,0.0
w23a_gateA,s23,2,bound,dminus,10,800,101.44932429474791,33.840434585311,18.1597678657,24.502433937351,44.570823654875,112.63542653705,139.768135172835,148.150059250511,151.2826801236,0.4575,0.00375,0.0,0.0
w23a_gateA,s23,2,bound,dminus,11,800,122.32126800655294,27.686646850674887,21.0644811335,36.12502380719901,54.735557891665,131.5481998772,147.54567602214,155.25767404229498,175.2021609317,0.7675,0.0275,0.0,0.0
w23a_gateA,s23,2,bound,dminus,12,800,139.09905483475987,18.177863045775478,36.0581232075,58.634336628423,119.34567327853,139.02269119605,162.31174907955,176.798163005315,198.3752642382,0.9475,0.23875,0.00625,0.0
w23a_gateA,s23,2,bound,dminus,13,800,157.91235162583433,16.3813351943623,36.6913483658,123.76228400413301,131.60090132988,157.2156206263,185.56433168422,194.40504971021497,197.2762106066,0.99625,0.70375,0.09625,0.0
w23a_gateA,s23,2,bound,dminus,14,800,170.74271611285351,15.127916199420914,54.1924500329,127.41040515038499,145.902230779045,172.15614897355,191.941128461815,196.640262624732,198.9860106557,0.99875,0.91875,0.29625,0.0
w23a_gateA,s42,3,bound,dplus,0,800,158.96624056204422,18.119236337000935,123.3588660934,126.135339046199,129.315434099915,159.81458982395,187.146819525025,195.26772677082798,198.5370867782,1.0,0.67,0.13125,0.0
w23a_gateA,s42,3,bound,dplus,1,800,139.32845359356352,14.660970132968211,24.7095520136,115.834834387082,126.19666222082,136.3361544268,165.81957167658499,180.569920202751,191.6589225736,0.9875,0.2025,0.01125,0.0
w23a_gateA,s42,3,bound,dplus,2,800,121.4083136726831,28.27580482148853,5.3127427402,23.993788184948002,47.616057824420004,129.54664302575,144.75330034981997,157.86517323705198,195.1221299691,0.82625,0.02125,0.00125,0.0
w23a_gateA,s42,3,bound,dplus,3,800,85.38671333054985,38.664583579478176,6.1233549683,10.968652437076999,26.444934385495,81.9919214194,134.032241113175,142.792996512811,150.8538921239,0.34625,0.00125,0.0,0.0
w23a_gateA,s42,3,bound,dplus,4,800,67.92830690348511,33.84709433692864,3.9389265655,10.181172883277998,19.546969762065,64.2072338447,128.18108195644498,131.881559627759,150.1329030449,0.1325,0.00125,0.0,0.0
w23a_gateA,s42,3,bound,dplus,5,800,59.52450455280925,29.337341006262218,1.0237101159,7.19266289736,17.933867766315,57.4875315562,124.665968079845,128.69748546601298,135.2195834348,0.05625,0.0,0.0,0.0
w23a_gateA,s42,3,bound,dplus,6,800,53.87285586318168,24.182323810828343,3.6583749104,9.640723496474,18.73166611272,52.0389476652,92.12327887864997,125.157997539535,133.6794348978,0.0175,0.0,0.0,0.0
w23a_gateA,s42,3,bound,dplus,7,800,53.221447316882006,22.85249664779007,1.5054560528,6.076149001359,17.11102516654,52.483932465950005,91.01134203584499,123.56840719253401,126.7865282584,0.0125,0.0,0.0,0.0
w23a_gateA,s42,3,bound,dplus,8,800,35.266927248557266,20.531100578507512,-2.8139190966,3.439955410446,9.740429033935,31.38689146895,71.36356506926998,123.95088410302199,126.3837001838,0.0125,0.0,0.0,0.0025
w23a_gateA,s42,3,bound,dplus,9,800,23.79832473230525,16.58384452689541,-1.4548073763,0.751339272392,4.680334495975,20.811471155,50.554486305699996,84.334532407655,126.6222832852,0.0075,0.0,0.0,0.0075
w23a_gateA,s42,3,bound,dplus,10,800,14.222767982167634,13.885739829827896,-10.4217237542,-2.679076915079,0.7169821978200005,12.0108551551,31.609967379484996,48.38861352401287,127.4114041813,0.00875,0.0,0.0,0.03875
w23a_gateA,s42,3,bound,dplus,11,800,5.452447531955629,12.568091602686861,-10.5477619353,-6.958413935538,-3.9989697545749996,3.8712393941,15.176000649794991,22.900486320702978,127.0750458411,0.00875,0.0,0.0,0.2175
w23a_gateA,s42,3,bound,dplus,12,800,0.9320935724690017,11.778374006315357,-15.9454637458,-10.615799212775999,-7.518107485405,-0.16408303955,8.53874833816,12.729277455773971,127.3173542369,0.0075,0.0,0.0,0.51375
w23a_gateA,s42,3,bound,dplus,13,800,-2.680151708039375,11.017450847288186,-23.1651174863,-13.945219138355,-10.451179343945,-3.560928724,4.570786310199998,8.716707247814,126.2512995621,0.00625,0.0,0.0,0.79625
w23a_gateA,s42,3,bound,dplus,14,800,-5.892172128586372,11.172998961712524,-20.6823987213,-16.374717114316997,-13.680242534765002,-6.64676352625,0.26456347841499883,3.358742475019997,127.2018709274,0.00625,0.0,0.0,0.94375
w23a_gateA,s42,3,bound,dminus,0,800,5.91658670633337,4.396418983545929,-6.1238217764,-3.7112852720259997,-1.48988800344,5.8349842779,13.19289490095,16.171090762417,18.5952998028,0.0,0.0,0.0,0.0925
w23a_gateA,s42,3,bound,dminus,1,800,9.141073427507498,4.098044533539415,-5.3547554673,-0.20168909831599996,2.8026923623,9.02690121595,16.413730599450002,18.960262028664996,23.4830137876,0.0,0.0,0.0,0.0125
w23a_gateA,s42,3,bound,dminus,2,800,11.46389525433488,4.182890438575696,-0.0443467674,2.8384101824170003,4.7957411231450005,11.2038606895,18.62873493143,21.568111033066,28.9383663958,0.0,0.0,0.0,0.00125
w23a_gateA,s42,3,bound,dminus,3,800,16.068513328655,6.633819907167851,2.5090934214,5.350967319654,7.838011061455,15.4034995668,25.570777907654993,31.676790955877998,125.3443832714,0.00125,0.0,0.0,0.0
w23a_gateA,s42,3,bound,dminus,4,800,24.73412759921088,9.77019943592962,6.5616877539,9.790930665940001,12.783690939415001,23.30189225325,40.90836417378499,54.521159943381996,126.6155353916,0.00125,0.0,0.0,0.0
w23a_gateA,s42,3,bound,dminus,5,800,36.64229656793052,15.294289036250333,10.4130878047,12.655584798443002,16.667709204704998,33.8430021735,63.917229326044996,79.515742635651,125.0385942693,0.00125,0.0,0.0,0.0
w23a_gateA,s42,3,bound,dminus,6,800,48.56012899738762,19.38787521040929,6.8216998536,15.501442903785001,20.066830578544998,46.93498483805,80.73812160163497,93.52329699075699,126.195614689,0.00125,0.0,0.0,0.0
w23a_gateA,s42,3,bound,dminus,7,800,64.03428833901184,19.427267356905045,9.5072467286,20.461962610586998,28.595647574795002,64.99894034565,92.782143470625,103.607125613529,126.8505432859,0.0025,0.0,0.0,0.0
w23a_gateA,s42,3,bound,dminus,8,800,66.62937069612161,20.30885043340869,15.4616171726,22.479887573894,30.22942916844,68.4791112721,97.058000436915,110.074356627992,126.8063689764,0.0025,0.0,0.0,0.0
w23a_gateA,s42,3,bound,dminus,9,800,69.05834328889787,22.014194111425606,13.666039899,18.647715347862,31.235295545505,69.48461587295,103.99225040826495,119.13740027760501,128.266151142,0.00875,0.0,0.0,0.0
w23a_gateA,s42,3,bound,dminus,10,800,83.97725476876366,30.005525792680057,12.915645913,21.171242475103,35.46374815143,82.16172285795,131.15781291226,143.126876734267,149.9418946957,0.1425,0.0,0.0,0.0
w23a_gateA,s42,3,bound,dminus,11,800,108.1642352830571,34.00782705777512,15.2865641432,26.203405551698005,38.69619570084,121.95709539865,146.80531041378498,156.99249476446,165.5928345082,0.52,0.0325,0.0,0.0
w23a_gateA,s42,3,bound,dminus,12,800,135.00724839675127,24.439569387011723,14.5756154398,42.244462255724,77.20187535476501,138.50079904544998,165.618388868545,180.18249505141,193.1092711154,0.86875,0.1975,0.01125,0.0
w23a_gateA,s42,3,bound,dminus,13,800,159.1884010821047,20.54310639006233,24.0781940876,114.37876248976102,128.20551726997,160.1931644582,188.50492179179997,194.07985751761,198.801188346,0.985,0.7025,0.15875,0.0
w23a_gateA,s42,3,bound,dminus,14,800,171.17208389294916,17.881857731101608,20.2746418648,126.468582414979,142.92889956014,174.5229836527,193.631952421095,198.00281210734502,199.8388109003,0.99375,0.9175,0.32375,0.0
w23a_gateA,s101,4,bound,dplus,0,800,177.14538193654423,14.971105552666023,120.3604706826,129.490424033451,142.58839509819,180.55015071495,194.251004912875,197.38521806866,199.1712303752,1.0,0.93,0.5125,0.0
w23a_gateA,s101,4,bound,dplus,1,800,142.950356044644,21.928337389012455,14.386324764,55.080431031946006,122.27311426234499,140.54318917535,180.02657137670997,190.987258383139,196.5374115391,0.955,0.2875,0.05,0.0
w23a_gateA,s101,4,bound,dplus,2,800,109.95940899736208,35.21242630262529,9.0107963372,16.292481869168,32.154860779159996,125.99679417045,146.66392027459003,154.293639121395,167.5784325847,0.6025,0.02875,0.0,0.0
w23a_gateA,s101,4,bound,dplus,3,800,87.58569178801277,36.12485071881483,6.520141835,17.422271786847,28.381370996645,87.64088267805,132.40218222325498,140.785975721552,151.5800881275,0.3125,0.0025,0.0,0.0
w23a_gateA,s101,4,bound,dplus,4,800,76.81150092850632,34.98255737486767,4.4582505527,13.312064001269,23.149187660565,74.79607489095,128.60049915102,136.215654522849,141.9156454049,0.19625,0.0,0.0,0.0
w23a_gateA,s101,4,bound,dplus,5,800,66.32095509850961,30.90127165232553,-2.6031552492,10.240861298294998,20.56952452798,64.70403434215001,125.3719717821,128.76417167356098,134.4425872234,0.11375,0.0,0.0,0.00125
w23a_gateA,s101,4,bound,dplus,6,800,60.223376004683544,26.655253023813344,1.5152590225,11.780212285620001,20.514907982835,59.71689023665,121.18756535501,125.768249206972,131.2388822075,0.055,0.0,0.0,0.0
w23a_gateA,s101,4,bound,dplus,7,800,58.50161413144939,24.208443502763068,3.5337371534,10.789941966456999,20.08005291733,58.781990357599994,95.182365577955,123.66220765290099,126.2767558765,0.035,0.0,0.0,0.0
w23a_gateA,s101,4,bound,dplus,8,800,39.0410400148904,22.243835314555596,-0.452337028,5.533304889153,10.317858956695,35.17083775245,74.76540560016501,124.09478452148001,127.8857950726,0.015,0.0,0.0,0.00125
w23a_gateA,s101,4,bound,dplus,9,800,26.188182332694133,18.909842065538594,-0.506019957,2.3756329917339998,6.273678839745,21.977674436850002,55.235415982019994,122.47945077042797,127.4630078526,0.015,0.0,0.0,0.00125
w23a_gateA,s101,4,bound,dplus,10,800,14.053185664574505,12.660233191078522,-6.3546583712,-2.760476573696,0.6620738976100001,12.730439807900002,32.24419617514999,44.866607257580995,127.7822033454,0.00625,0.0,0.0,0.04
w23a_gateA,s101,4,bound,dplus,11,800,5.325556618559873,7.186066381947307,-8.6494868846,-6.657182682503,-3.58765348649,4.7062423443500006,16.232165597335,22.220006180581997,120.1092490475,0.00125,0.0,0.0,0.1975
w23a_gateA,s101,4,bound,dplus,12,800,0.7611643995092494,7.89072604569029,-13.6546031011,-10.768790892436,-7.3480609726449995,0.4292300281,9.192466371159997,13.013306831113999,127.2575567107,0.0025,0.0,0.0,0.46625
w23a_gateA,s101,4,bound,dplus,13,800,-3.435452494596504,7.864170993664849,-16.4979311066,-15.116622662235,-11.29187735276,-3.83459495995,3.7422369816899996,8.945373185066,124.8307469721,0.0025,0.0,0.0,0.81375
w23a_gateA,s101,4,bound,dplus,14,800,-6.182205022744361,7.9132649695397985,-20.6396857821,-16.915360226456,-13.885953184729999,-6.7062815562,1.4193416325899968,4.7973679493219965,122.8076058951,0.0025,0.0,0.0,0.91375
w23a_gateA,s101,4,bound,dminus,0,800,7.561144856147252,4.3427676306060805,-7.0595385696,-2.213680931086,0.0568572239100001,7.475231163349999,14.262282187325,17.568125970926992,19.4460575257,0.0,0.0,0.0,0.0475
w23a_gateA,s101,4,bound,dminus,1,800,10.54165783621161,4.283820836668558,-3.9559650603,-0.26822558776800004,3.823519938345,10.4593018045,17.635927510265,20.223204282721998,24.9996732343,0.0,0.0,0.0,0.01125
w23a_gateA,s101,4,bound,dminus,2,800,13.93198396234074,4.728381302769182,0.4892148662,3.451231159672,6.755494797900001,13.66207203035,21.612863923589998,26.181281182738,35.5479019778,0.0,0.0,0.0,0.0
w23a_gateA,s101,4,bound,dminus,3,800,19.118642506667495,7.075503590684595,0.571606492,6.799444778489,10.455287255065,18.396789667500002,30.038481323979983,35.128554276745,126.7370589318,0.00125,0.0,0.0,0.0
w23a_gateA,s101,4,bound,dminus,4,800,30.238805068331118,11.111593923055262,9.1513055688,12.369975277857,16.12816075751,28.611717442950003,49.166864282124926,63.846972376173,124.8607055227,0.00125,0.0,0.0,0.0
w23a_gateA,s101,4,bound,dminus,5,800,44.383491173561715,16.184017184095122,11.6428936873,17.160371448512,22.10630340289,41.914230550949995,74.02146523588999,88.95206954692698,125.2442351948,0.00125,0.0,0.0,0.0
w23a_gateA,s101,4,bound,dminus,6,800,55.88800252921605,18.595159962127553,14.7922143881,22.445833924657,28.401362052635,55.129683952250005,87.560078199645,98.45343215974599,122.1479462891,0.00125,0.0,0.0,0.0
w23a_gateA,s101,4,bound,dminus,7,800,70.15973699951375,16.82531623029283,20.531853116,28.404529345472,41.27476183454,72.06758167275,95.85069470382,102.26647272923499,123.7569543474,0.00125,0.0,0.0,0.0
w23a_gateA,s101,4,bound,dminus,8,800,71.63162137718615,18.747544814854013,15.1635602145,25.637778871183,38.745560655135,72.956384254,97.97585015089,121.20556094429199,128.6256770825,0.01125,0.0,0.0,0.0
w23a_gateA,s101,4,bound,dminus,9,800,84.86061782144276,27.844624910464688,17.4373823644,31.513571511261002,42.86741763639,80.29600767055,133.02883785504,139.679185527755,145.603081498,0.1825,0.0,0.0,0.0
w23a_gateA,s101,4,bound,dminus,10,800,132.48359040420848,15.169448159274632,28.4923312769,59.545725718554,106.82020390781,134.5416300509,147.528391368905,153.386432358548,168.091585104,0.9275,0.025,0.0,0.0
w23a_gateA,s101,4,bound,dminus,11,800,140.02380665536404,8.796914104462019,80.8948057332,124.48833091404299,128.692763261485,139.05655872015,155.91709723627002,164.50759119171101,191.6559759091,0.995,0.1125,0.00125,0.0
w23a_gateA,s101,4,bound,dminus,12,800,147.4450556299511,12.438659132321193,96.0513638265,127.024974803308,130.61621936557,145.9341804907,174.53793399774997,185.057157540405,194.1953726941,0.9975,0.34875,0.03,0.0
w23a_gateA,s101,4,bound,dminus,13,800,158.0853682528407,14.784449614731788,123.9384947571,127.22857259894799,134.449644963425,157.02313096634998,183.240090691165,190.871857140436,196.6259033054,1.0,0.69125,0.0975,0.0
w23a_gateA,s101,4,bound,dminus,14,800,171.5617719501622,14.386222296107961,125.3799291846,129.690707635731,145.656049732415,172.8425417858,192.025349510905,196.88377265658,199.0303301369,1.0,0.92875,0.31875,0.0
w23a_gateA,s7,0,free,dplus,0,800,174.37186135577494,13.307837682318896,126.6407234899,133.692676267006,149.9941847229,176.47501936195,192.703268803515,195.58033603953203,199.7411589158,1.0,0.94875,0.39125,0.0
w23a_gateA,s7,0,free,dplus,1,800,163.51790481688147,16.14340931346385,117.6618851951,127.20759557117199,134.875903571605,163.08416753975,188.97284614020498,195.183294857402,197.7646354861,0.9975,0.80125,0.17,0.0
w23a_gateA,s7,0,free,dplus,2,800,149.7406280487479,16.51435632028571,24.5560888579,110.797131237264,127.289176707975,150.16162479759998,177.61085785127,188.12428221920698,195.5336931229,0.9825,0.50375,0.02875,0.0
w23a_gateA,s7,0,free,dplus,3,800,121.28912740927224,29.40441792231736,20.3159543798,39.458102341167994,59.006408341334996,130.17641871364998,154.32453357042,165.730550447872,195.7539363736,0.68625,0.1025,0.00375,0.0
w23a_gateA,s7,0,free,dplus,4,800,96.03885326786927,33.570818916787346,13.5976525155,25.214301085568003,39.017878982780005,97.233496934,138.56347987842,147.14215335539,158.1598667839,0.3575,0.005,0.0,0.0
w23a_gateA,s7,0,free,dplus,5,800,80.60633193522804,31.512948222997117,8.16960818,20.843265453220997,32.355407364705,76.40586254925,130.890279305555,136.180998812691,143.1378952565,0.20625,0.0,0.0,0.0
w23a_gateA,s7,0,free,dplus,6,800,68.34077319620673,23.554295806566206,10.9244760546,19.520710640627,31.584252089385,68.25766918995001,120.0074590773399,128.870574327943,133.3841702082,0.05,0.0,0.0,0.0
w23a_gateA,s7,0,free,dplus,7,800,64.33849282996047,21.851876424054176,8.7659555001,19.770423787017,29.053988921720002,64.09951788065,96.75549713191498,125.174046878529,127.926661284,0.03,0.0,0.0,0.0
w23a_gateA,s7,0,free,dplus,8,800,49.37192489495035,22.91114957269011,8.5013920217,14.010526755566,18.694980832885005,46.052367463850004,86.92641540874,126.40388396954799,129.8687208712,0.0275,0.0,0.0,0.0
w23a_gateA,s7,0,free,dplus,9,800,37.801629891879855,20.02435316542473,5.0827230596,10.615752531973,15.476274946179998,33.74824013355,70.82381822865999,123.967040872078,134.7359628507,0.01875,0.0,0.0,0.0
w23a_gateA,s7,0,free,dplus,10,800,23.637039366003727,13.67578864335634,2.6358318147,5.0856149356380005,8.935424337890002,21.1823501733,42.15728001204499,60.829046479123974,127.6479934307,0.00875,0.0,0.0,0.0
w23a_gateA,s7,0,free,dplus,11,800,13.663027941999497,9.056417662586634,-5.5151040422,1.173988473604,4.315903264295001,12.67004651275,25.058403525664996,31.932928548491997,124.5688431006,0.00375,0.0,0.0,0.0075
w23a_gateA,s7,0,free,dplus,12,800,8.807140013519495,7.61371571418342,-6.2264028516,-3.0467186193149995,0.366514362755,8.4896051177,17.368008848784996,23.503538171874,121.1425324482,0.0025,0.0,0.0,0.04625
w23a_gateA,s7,0,free,dplus,13,800,4.542408979899626,6.428943094766915,-11.5053020062,-5.812919427015999,-3.199537579925,4.132710269,12.6804096521,16.868418006129,121.8894873021,0.00125,0.0,0.0,0.17625
w23a_gateA,s7,0,free,dplus,14,800,0.40691360431312446,6.233508650427999,-15.619164899,-10.760160778007998,-7.273686775514999,0.3168459832,8.172000571329999,11.426560819476997,117.7987211213,0.0,0.0,0.0,0.46125
w23a_gateA,s7,0,free,dminus,0,800,0.14859751937737484,7.730002789825868,-15.2957836027,-11.604290993244,-7.506326416454999,-0.10328128735,8.049043323554999,12.169484709254982,123.3705605215,0.0025,0.0,0.0,0.51125
w23a_gateA,s7,0,free,dminus,1,800,3.8212587892263756,7.7020768440225735,-10.3583545575,-7.157977890124,-4.35123480072,3.67372122595,11.413737601584993,15.064300478798998,125.0439499747,0.0025,0.0,0.0,0.25625
w23a_gateA,s7,0,free,dminus,2,800,8.115019303269623,7.559159176894967,-6.3272333966,-4.0650989539580005,0.010608213570000148,7.74843059125,16.44773756794,21.303929170250996,120.3649256819,0.00125,0.0,0.0,0.05
w23a_gateA,s7,0,free,dminus,3,800,12.853237316349377,7.5435728301599205,-6.9964027769,0.861992626287,3.761650362605,11.9611400947,24.646999731119998,31.143507073053993,121.5088562782,0.00125,0.0,0.0,0.00625
w23a_gateA,s7,0,free,dminus,4,800,22.456682114196123,11.521255262504562,1.3860698868,6.476789368685999,9.29310435777,20.539088641249997,39.63051790490999,56.474728411064,127.2684955965,0.00375,0.0,0.0,0.0
w23a_gateA,s7,0,free,dminus,5,800,37.352564323791015,17.59375734468798,5.4811437545,8.115138679353,14.318112433535,34.375513488850004,69.412003876415,87.74134794567199,125.8790015159,0.00625,0.0,0.0,0.0
w23a_gateA,s7,0,free,dminus,6,800,49.61108249025723,21.172504966332063,6.7897235002,12.663571884742,20.11760762725,48.090101428050005,84.16138862334996,122.250607105668,127.2972073808,0.01125,0.0,0.0,0.0
w23a_gateA,s7,0,free,dminus,7,800,66.14888600759834,21.058368219691204,5.150526933,16.762094297106,30.043832111535,66.90024964895,97.78414957834498,124.46290581420601,128.2822231689,0.02125,0.0,0.0,0.0
w23a_gateA,s7,0,free,dminus,8,800,69.29429263020273,21.685348080464784,10.6892047831,21.019742247247,32.019614808650005,70.294469538,101.99561534862498,126.03909355735,129.336763147,0.02625,0.0,0.0,0.0
w23a_gateA,s7,0,free,dminus,9,800,70.91667521104512,23.37218754625542,11.9506369129,17.074405239838,31.126424231410002,71.7900059191,109.25228809357999,127.02763735245999,128.5516172971,0.0275,0.0,0.0,0.0
w23a_gateA,s7,0,free,dminus,10,800,86.81389479167612,30.000834410745444,15.3620703498,24.369909457941002,38.15999076658,84.85771456365,132.10716836621498,145.62239590513698,155.720087852,0.185,0.00375,0.0,0.0
w23a_gateA,s7,0,free,dminus,11,800,118.04036076201264,31.740467736471278,12.8687317011,28.186983943662998,51.46623250401,128.96109377850001,153.38446445304,162.47299543349,173.2373447511,0.655,0.0875,0.0,0.0
w23a_gateA,s7,0,free,dminus,12,800,148.1864549670818,18.354580917707157,17.6605166258,75.92710651813701,126.95370702316501,149.75489833684998,174.93073596682999,190.766403374879,195.7334860817,0.96875,0.495,0.03125,0.0
w23a_gateA,s7,0,free,dminus,13,800,162.95345231523473,15.020307538691737,123.7971478426,127.79526244426201,136.037577367555,162.83067954084999,186.60574684168498,191.740991694817,197.4927367879,1.0,0.8175,0.13875,0.0
w23a_gateA,s7,0,free,dminus,14,800,174.8898573242584,12.961048815203004,125.8639502591,131.63121456231102,150.922130973,176.7422060634,193.725947680625,196.77018405036299,198.1731416069,1.0,0.955,0.375,0.0
w23a_gateA,s19,1,free,dplus,0,800,172.4515034636088,13.118440632646212,126.8920812225,130.200301198349,150.37933851954497,173.07188860765,191.60550598508001,196.275399222096,199.0249716591,1.0,0.9525,0.32,0.0
w23a_gateA,s19,1,free,dplus,1,800,160.4086038747717,14.716926107414615,118.8794730231,127.648492171138,136.94193305461,159.40513651775,185.681412379945,193.141694937956,198.9639791393,0.9975,0.76625,0.10375,0.0
w23a_gateA,s19,1,free,dplus,2,800,146.0868430047115,12.150114459476368,117.7715457948,125.69935452634401,129.36202999571,144.8172198685,169.054782755665,182.63719734738297,195.4501754116,0.99875,0.32875,0.0175,0.0
w23a_gateA,s19,1,free,dplus,3,800,135.78888177431958,15.612691056216255,22.4352630557,51.800525439128,124.14573511473,135.98232354595,154.963405590125,161.43892081361497,175.5617283369,0.9675,0.10625,0.0,0.0
w23a_gateA,s19,1,free,dplus,4,800,116.30254597983313,29.4816149093946,15.1454714015,34.607136655303,53.0856889247,129.20012649655,144.559441318955,149.342781962026,156.7098638266,0.705,0.0075,0.0,0.0
w23a_gateA,s19,1,free,dplus,5,800,70.73396698842879,23.575441086991933,9.0613283117,19.329897003503998,32.463590136884996,71.20597066204999,110.64474381769998,129.033258981366,133.3540969822,0.03625,0.0,0.0,0.0
w23a_gateA,s19,1,free,dplus,6,800,67.58450727431268,20.27241022338261,15.7257138429,21.84403545312,33.232551414199996,69.32741825254999,98.50750370646499,110.33485690892799,133.1547336519,0.00625,0.0,0.0,0.0
w23a_gateA,s19,1,free,dplus,7,800,63.310996604629544,18.89355651570804,14.1400835026,21.314825637885,31.718581949055,63.81984149065,92.081873002075,101.30882419150399,122.2070264581,0.00125,0.0,0.0,0.0
w23a_gateA,s19,1,free,dplus,8,800,48.73620261800478,19.21592337819989,7.9344536105,15.336502104366,20.410191260624998,46.90154970945,81.54422329669998,95.35955308724701,126.1612583844,0.0025,0.0,0.0,0.0
w23a_gateA,s19,1,free,dplus,9,800,36.851449953328256,16.358306729919285,4.1006755647,8.593466414139,14.34116691754,33.8836728273,66.40319824221999,80.35620140532198,126.365555947,0.0025,0.0,0.0,0.0
w23a_gateA,s19,1,free,dplus,10,800,23.444562028046498,10.258253033394558,1.0395815906,6.127719623904,9.82939681861,21.76854441775,40.776625098989996,51.586482265031,124.5739985929,0.00125,0.0,0.0,0.0
w23a_gateA,s19,1,free,dplus,11,800,13.45585956476612,8.347030706450884,-2.506642679,0.90993965105,3.6439096950800005,12.66298604055,24.501454807414998,32.456536666849004,125.4146787156,0.0025,0.0,0.0,0.005
w23a_gateA,s19,1,free,dplus,12,800,8.112031297777126,6.4535477774875805,-9.468151552,-2.9056760595049997,-0.048746433609999994,7.988078188499999,16.263745163849997,20.652546344666995,123.8614195632,0.00125,0.0,0.0,0.0525
w23a_gateA,s19,1,free,dplus,13,800,4.298026662720996,7.838514300943478,-9.217709018,-6.741282825958,-3.8965287218049998,3.6217304761999998,12.197455849284996,17.028917126597996,125.471789648,0.0025,0.0,0.0,0.2125
w23a_gateA,s19,1,free,dplus,14,800,-0.037204166216751273,4.796175872352963,-15.3885617083,-10.526900282285,-7.959777948765,-0.13374051445000001,7.694310029639999,10.717830621455997,16.3067731985,0.0,0.0,0.0,0.51
w23a_gateA,s19,1,free,dminus,0,800,0.2179426262528739,4.5486274513079605,-12.7062824898,-9.386367943744,-6.900415365825,0.050473623450000005,7.697110878099998,10.667518046833992,17.5320277023,0.0,0.0,0.0,0.49625
w23a_gateA,s19,1,free,dminus,1,800,3.6515782381193738,6.344414558406815,-13.6817946717,-7.185388860502,-4.176841137729999,3.46354088865,11.897123201879996,15.001354910447995,121.2498232943,0.00125,0.0,0.0,0.23375
w23a_gateA,s19,1,free,dminus,2,800,7.8025472220523735,6.430664433861323,-4.6880368293,-3.254863673385,-0.5172058455499999,7.80824037625,15.631914594614996,19.236759455686,121.5976756523,0.00125,0.0,0.0,0.06625
w23a_gateA,s19,1,free,dminus,3,800,13.977641586975496,10.038764716996399,-1.5724430121,1.112330128577,4.30821260125,13.16416286375,24.983801759684994,32.000077723516995,128.8893066404,0.005,0.0,0.0,0.00375
w23a_gateA,s19,1,free,dminus,4,800,25.040448041477262,16.650406592865743,-0.5522339567,6.535846425732,9.780708736069998,22.304498442750003,43.96654643249,125.362757528914,130.7878567339,0.0175,0.0,0.0,0.00125
w23a_gateA,s19,1,free,dminus,5,800,39.322333795426154,20.57392178078083,6.4756783655,10.366116408891,15.433211900985,35.2835719034,74.57530384537999,126.63571508935999,132.1046968781,0.02125,0.0,0.0,0.0
w23a_gateA,s19,1,free,dminus,6,800,53.472406966932255,21.332844759145996,8.1095066399,16.56878790481,23.651018015085,50.91265647405,87.23614256878997,126.403116176421,129.8787975439,0.02,0.0,0.0,0.0
w23a_gateA,s19,1,free,dminus,7,800,67.16351135196594,20.598215660866,13.5929844348,23.056484244342002,33.01923762776,68.0725214358,98.588524083525,126.34392600797199,135.4514982797,0.02375,0.0,0.0,0.0
w23a_gateA,s19,1,free,dminus,8,800,70.1793405410705,21.878035455285115,17.220783416,27.396995296477,37.3031645386,70.3822878077,106.389899100525,128.468062523201,133.1270511935,0.03375,0.0,0.0,0.0
w23a_gateA,s19,1,free,dminus,9,800,81.61958234982741,27.459842867517768,12.6887771869,29.557896572095,39.32496867718,79.92051892255,129.72835828919,134.49244185458,143.6896805682,0.14875,0.0,0.0,0.0
w23a_gateA,s19,1,free,dminus,10,800,104.09738585815012,30.846014361701553,19.1330627091,32.576558858863,46.8817745522,112.7858763749,139.52793074445498,146.679891719025,158.9785439244,0.45625,0.0025,0.0,0.0
w23a_gateA,s19,1,free,dminus,11,800,133.500897678002,21.301960329223398,32.9990131677,53.344018181224,82.035322900525,136.86979202805,156.21791279581495,164.94480448923397,192.9616606482,0.88,0.13,0.0025,0.0
w23a_gateA,s19,1,free,dminus,12,800,150.0016419342706,13.948564858396878,120.5929479944,124.991844494929,129.663424994,149.22341207555002,176.170837757785,189.956856459918,196.3606468096,1.0,0.48,0.03375,0.0
w23a_gateA,s19,1,free,dminus,13,800,163.06488579744837,15.730932889660565,126.1047131273,128.325621201982,135.98669633135,162.64434191025,188.718559947765,194.198066453662,198.3657518458,1.0,0.78875,0.1575,0.0
w23a_gateA,s19,1,free,dminus,14,800,174.76280522673326,13.357041507203828,126.5867671062,132.55706895721698,149.97461258181,177.06525935535,193.574231505385,197.04705480585602,198.6879950857,1.0,0.94875,0.38625,0.0
w23a_gateA,s23,2,free,dplus,0,800,173.73555898922586,12.556206191406353,129.6677371516,139.664391052018,152.919254454825,174.76042732899998,193.49382258343,197.58925170044603,199.774492275,1.0,0.9725,0.325,0.0
w23a_gateA,s23,2,free,dplus,1,800,160.42114782478194,15.369870448519706,49.679582935,127.366653614447,135.22791209966,159.49738235075,186.578047578305,192.997975911006,198.9087907748,0.99875,0.77375,0.105,0.0
w23a_gateA,s23,2,free,dplus,2,800,142.73331838792186,16.66554425608734,39.3560055793,73.93483032460901,126.011725936495,141.97767845575,170.06992851676998,183.436859887422,193.4950861476,0.96875,0.29625,0.01875,0.0
w23a_gateA,s23,2,free,dplus,3,800,128.69156506727893,22.448360068634237,31.9496286075,50.823014151704,71.508952445285,133.7914639988,150.831648383985,161.472290066806,190.3905284052,0.8375,0.0575,0.0025,0.0
w23a_gateA,s23,2,free,dplus,4,800,93.82436550422888,31.824960870561394,20.4254208742,25.213225093003,40.65657956648501,91.92699775185,136.36877375428,143.540954211261,152.4395214329,0.305,0.00375,0.0,0.0
w23a_gateA,s23,2,free,dplus,5,800,72.23821844406808,24.913703878381526,9.902516469,21.661711887939,32.97630295469,71.21437320749999,123.09239766177001,130.28447856098,141.7795687348,0.05625,0.0,0.0,0.0
w23a_gateA,s23,2,free,dplus,6,800,66.84575164092688,21.038901314865292,12.3862855521,23.312429278566,32.05527894584,67.53014879975001,99.14068218403497,125.154659330178,128.8722229297,0.0125,0.0,0.0,0.0
w23a_gateA,s23,2,free,dplus,7,800,63.76409547697292,20.248232886513865,15.1849166841,21.715371476528,29.20332082602,64.39419048010001,94.96890591390499,123.50410532223799,128.7967078368,0.01125,0.0,0.0,0.0
w23a_gateA,s23,2,free,dplus,8,800,49.82124916512124,20.859853707985646,3.0699633276,14.808523495401,19.75070814789,48.4723005422,87.23626510593498,102.36695281279285,127.6524490416,0.00875,0.0,0.0,0.0
w23a_gateA,s23,2,free,dplus,9,800,35.72984060003878,17.37187111579943,3.1334492262,9.003463949355,13.099340726945,32.69850546725,64.74125061619496,89.84402191569998,126.670170984,0.0075,0.0,0.0,0.0
w23a_gateA,s23,2,free,dplus,10,800,23.131039069235115,12.389949311792492,-0.8123627584,4.899416863346,9.265218410185001,21.428007924550002,41.32671757367,66.07533792239998,123.4648256359,0.005,0.0,0.0,0.0025
w23a_gateA,s23,2,free,dplus,11,800,13.460639412356864,10.153070028436794,-1.7675687888,0.995665453619,3.7239030943950002,12.0550268695,25.551825499705,31.75776115115899,126.4595354811,0.005,0.0,0.0,0.005
w23a_gateA,s23,2,free,dplus,12,800,8.117357630063754,7.92774050590047,-5.9922986003,-3.618786084249,-0.8934648269499992,7.5432684408,16.630323712774995,23.388943790737002,126.415700517,0.0025,0.0,0.0,0.06125
w23a_gateA,s23,2,free,dplus,13,800,3.7866407550283743,6.346470572827781,-13.1412309169,-7.322835831071001,-4.019789394915,3.7529035462499998,11.286071427194985,14.537910184303996,125.2395634963,0.00125,0.0,0.0,0.2025
w23a_gateA,s23,2,free,dplus,14,800,0.16583681793749985,6.448170014564515,-16.5170702378,-11.144963514303,-8.461485766080001,0.16227415825000002,7.304618645769992,11.326016194487998,122.7412634373,0.00125,0.0,0.0,0.485
w23a_gateA,s23,2,free,dminus,0,800,-0.08951715939874941,4.470519871684771,-12.7261218332,-10.681153510758,-7.62334936665,-0.1409760397,7.555218727634997,9.903471091556998,14.6379343182,0.0,0.0,0.0,0.515
w23a_gateA,s23,2,free,dminus,1,800,3.955172799514997,4.5479629084192945,-9.438042431,-7.228167152777,-3.1065085650349995,3.94213587105,11.794898067799993,14.685786814317998,21.1130291736,0.0,0.0,0.0,0.18875
w23a_gateA,s23,2,free,dminus,2,800,7.560378415634372,5.107022479197887,-7.9045778935,-4.206331738077,-0.6002801782249999,7.4796658401,16.543567431349995,20.324384933637994,26.0319025977,0.0,0.0,0.0,0.06
w23a_gateA,s23,2,free,dminus,3,800,12.751255801256498,5.891154803650482,-3.4755028457,1.806476075148,3.9271863423350006,12.1842743562,23.06676102417499,28.800486460699997,36.948676319,0.0,0.0,0.0,0.00125
w23a_gateA,s23,2,free,dminus,4,800,22.15320040117521,9.657937501332665,2.030265035,6.206516827474999,9.476338198745001,20.614828252,41.92267394200998,52.06226122766799,66.6613606148,0.0,0.0,0.0,0.0
w23a_gateA,s23,2,free,dminus,5,800,34.78601065466102,15.975969648656953,6.0746902262,9.078132235544,12.707799616125001,31.84267120655,63.799080201359985,81.19165249130799,95.9673383724,0.0,0.0,0.0,0.0
w23a_gateA,s23,2,free,dminus,6,800,48.44123484870754,19.1874238856349,4.8167591569,12.508240329585,18.961119788575,47.2932600382,81.00871273933998,92.55903955176,105.9754141943,0.0,0.0,0.0,0.0
w23a_gateA,s23,2,free,dminus,7,800,62.8023718485724,19.87936838524129,14.0690119727,19.064018293324,28.429738148665,64.24061062230001,92.34749263379499,101.580713861002,109.7132723694,0.0,0.0,0.0,0.0
w23a_gateA,s23,2,free,dminus,8,800,66.2743157108976,19.87004954728275,12.0185574883,19.028954004465,31.102109365665,68.41212431285,96.156856617075,108.781350149923,116.6906097225,0.0,0.0,0.0,0.0
w23a_gateA,s23,2,free,dminus,9,800,69.67927899137914,23.12676285166091,12.8340712013,21.533721281952,31.41347618904,71.82215732555,107.68383084313999,117.43378962047598,128.6680220321,0.005,0.0,0.0,0.0
w23a_gateA,s23,2,free,dminus,10,800,79.61746805318336,27.14040243932382,7.6920635158,21.779086111174,35.216806677985,79.56842892945,125.64741701861499,132.74085930381,141.1262387777,0.075,0.0,0.0,0.0
w23a_gateA,s23,2,free,dminus,11,800,97.58537603712323,34.4302762115097,13.8224206053,20.468933222207,36.554830343265,102.94746361879999,142.64303573000998,154.16519411123102,167.1049588773,0.32875,0.025,0.0,0.0
w23a_gateA,s23,2,free,dminus,12,800,132.04091815394406,30.86342009766306,16.3541542185,32.616575981433,63.828127334040005,138.65904544525,168.87797278391,185.414129905063,192.4996089639,0.78125,0.28125,0.0175,0.0
w23a_gateA,s23,2,free,dminus,13,800,156.28295322192002,26.241897636330158,19.8849738214,42.783514719425,109.89649151139001,159.04566039550002,186.70362446165998,194.337462108662,199.3336980803,0.9325,0.76375,0.10625,0.0
w23a_gateA,s23,2,free,dminus,14,800,170.73755716802435,19.948079498547184,14.8783404786,64.758661390476,148.60612539132,173.14078644215,191.74094107664502,195.743485765825,199.727339484,0.98375,0.93375,0.335,0.0
w23a_gateA,s42,3,free,dplus,0,800,172.6306478291882,13.489036174725673,34.2432901007,143.48468034606898,152.021883368695,173.48156572275,192.66217374003998,196.11292288784398,199.5791634758,0.99875,0.96625,0.31,0.0
w23a_gateA,s42,3,free,dplus,1,800,158.96169004892027,18.283575473448515,38.854303597,89.210871446634,132.47438996545998,159.91400828849999,183.95483244012001,193.773786329055,197.6870022737,0.96875,0.75375,0.0875,0.0
w23a_gateA,s42,3,free,dplus,2,800,127.53420706961238,31.790376873478685,19.4445403994,34.13743670081001,59.899791476815004,134.2447889965,166.91666318267,179.69365578350298,189.7190642188,0.72625,0.2275,0.01,0.0
w23a_gateA,s42,3,free,dplus,3,800,93.69792219882207,34.54887279581465,11.6439440054,22.224411681737,34.825755715564995,97.06042783895,141.033672843615,151.07895193817598,167.0174223527,0.29,0.015,0.0,0.0
w23a_gateA,s42,3,free,dplus,4,800,78.51841444997658,26.652438842463017,13.826855282,22.151681816194003,33.25355194271,78.19280387335,121.63493056333496,134.667818992333,146.0999847198,0.0575,0.0,0.0,0.0
w23a_gateA,s42,3,free,dplus,5,800,69.78506541226301,22.139403994757856,10.6759007529,21.539858641179002,31.805355735810004,70.0435018448,107.576923867395,116.18032031295797,130.2593662497,0.00875,0.0,0.0,0.0
w23a_gateA,s42,3,free,dplus,6,800,65.58715695298375,20.12640912628254,0.9292981821,21.163151524003,30.72318374309,66.7630080739,95.2338836845,107.09205570286,132.5252367805,0.0025,0.0,0.0,0.0
w23a_gateA,s42,3,free,dplus,7,800,62.2889212534611,19.917960072793218,9.4701354864,17.877690915141002,29.818153746065,63.26264769805,93.66558359409999,103.568281556426,107.4877397767,0.0,0.0,0.0,0.0
w23a_gateA,s42,3,free,dplus,8,800,46.56647846752227,18.708879186347,0.6058001837,12.178431086087002,18.40298654477,44.817076586400006,79.19418305781,89.61755697857099,110.2701810283,0.0,0.0,0.0,0.0
w23a_gateA,s42,3,free,dplus,9,800,36.03600391716961,16.0594267423502,4.2324321448,9.375948787419,14.47641288802,33.58742475055,65.00060918456997,82.897751992347,101.8465310158,0.0,0.0,0.0,0.0
w23a_gateA,s42,3,free,dplus,10,800,22.809841090361125,10.073295943289766,2.7142555718,5.335909258151,9.582000207295001,21.211759082199997,42.17181524858499,52.485164839281,67.8600070581,0.0,0.0,0.0,0.0
w23a_gateA,s42,3,free,dplus,11,800,12.963296514625995,5.707589324586541,-3.1853816249,0.532947780983,3.8526662676950005,12.703073184299999,22.472286771420002,28.289295437236,34.2788842167,0.0,0.0,0.0,0.0075
w23a_gateA,s42,3,free,dplus,12,800,7.51362175148299,4.952970056920471,-8.0494050998,-3.3602642693499996,-0.78699757451,7.518877718700001,15.265907885729998,19.676654881315,28.588377039,0.0,0.0,0.0,0.065
w23a_gateA,s42,3,free,dplus,13,800,3.5748765117575005,4.763641408807661,-12.5141909656,-6.922393857164,-3.680227363565,3.3644608740499997,11.622785929269998,16.344534471022996,21.6000267014,0.0,0.0,0.0,0.22375
w23a_gateA,s42,3,free,dplus,14,800,0.21159957973399834,4.529252780945547,-12.6172388489,-9.535271551567,-7.119628439445,0.13064791095,7.964475205034993,10.492768442612,14.3015990978,0.0,0.0,0.0,0.49
w23a_gateA,s42,3,free,dminus,0,800,-0.06469930791112584,4.884798705348802,-15.1489724621,-11.099288677824001,-7.92687964938,-0.11816079485,8.007316516385,11.517785621175,13.9359716704,0.0,0.0,0.0,0.50875
w23a_gateA,s42,3,free,dminus,1,800,4.019205593015499,4.734348998275075,-13.231441578,-6.50247898427,-3.790417410465,4.10289290305,11.231659110614997,14.713258469775992,19.0028232553,0.0,0.0,0.0,0.19875
w23a_gateA,s42,3,free,dminus,2,800,7.63169764560575,4.846185182634795,-7.2911920785,-3.304286978636,-0.5983604300250001,7.327136300499999,15.622053273984998,18.92916677554599,23.5545521257,0.0,0.0,0.0,0.065
w23a_gateA,s42,3,free,dminus,3,800,13.102965783433879,6.323597594080352,-4.4744721334,0.581621859325,3.8334979609900004,12.611870556,24.647612416685,29.788837031669,34.3896344333,0.0,0.0,0.0,0.0075
w23a_gateA,s42,3,free,dminus,4,800,22.506486152371625,9.458219073048907,3.4934749567,5.76290560953,9.526706790395,21.1353776104,41.046930316735,48.86386149242799,61.7882343825,0.0,0.0,0.0,0.0
w23a_gateA,s42,3,free,dminus,5,800,36.07600808371554,15.379337897745566,5.0644008425,11.197534273056,15.472021157645,34.3380521406,64.247513546805,80.32656492740898,94.410883537,0.0,0.0,0.0,0.0
w23a_gateA,s42,3,free,dminus,6,800,49.355589720896035,19.254422447986144,6.216366478,14.199845439841,18.927497936735,49.145729546300004,81.60533430929998,93.072262357328,103.8604235697,0.0,0.0,0.0,0.0
w23a_gateA,s42,3,free,dminus,7,800,63.80983085403978,19.128923682393882,15.4392103848,20.473619975292,31.17706123779,64.40755286135,93.425562550415,103.255039772403,119.4620410494,0.0,0.0,0.0,0.0
w23a_gateA,s42,3,free,dminus,8,800,66.60018665315833,19.504570298609295,12.7628829693,22.472291439471,32.7062253059,68.12573755675,96.57247335455996,105.668353807051,123.970923678,0.00125,0.0,0.0,0.0
w23a_gateA,s42,3,free,dminus,9,800,70.68075348873866,23.55772702789341,8.1623726548,17.909839987563,30.290966143345003,71.26974831575001,109.83783615070998,119.93483179947098,127.243018495,0.01,0.0,0.0,0.0
w23a_gateA,s42,3,free,dminus,10,800,87.1460906562307,30.232293997545476,10.7806991665,20.342592782728,36.816838047450005,85.90995832339999,131.84268831871998,138.55202591424998,163.8875293581,0.19125,0.00125,0.0,0.0
w23a_gateA,s42,3,free,dminus,11,800,111.14368542566768,33.285239747126234,16.7805833981,27.583626333216,45.575406309745,124.65267997629999,148.73499110673498,157.607496319465,186.1416694152,0.57625,0.03875,0.00125,0.0
w23a_gateA,s42,3,free,dminus,12,800,136.92015099851636,25.282851674852793,15.2703425624,41.354046852573006,78.20785843387,141.5290230119,166.074387790485,182.134422156932,197.509086911,0.88875,0.26375,0.015,0.0
w23a_gateA,s42,3,free,dminus,13,800,155.60455692883158,19.23831441736746,35.1228732224,97.185474052936,127.838397305535,156.06625828455,184.232232476005,192.894264015982,199.1378141957,0.97375,0.64625,0.0875,0.0
w23a_gateA,s42,3,free,dminus,14,800,170.95888884091374,17.37073500587937,17.7851543828,118.685520268275,148.146090838655,172.9337714573,193.00275301329,196.270109909158,198.9059990852,0.98875,0.94,0.28125,0.0
w23a_gateA,s101,4,free,dplus,0,800,173.66548979863714,16.28628767189105,15.33896335,133.376775901152,151.973552418775,175.33897617765,193.12228978517498,197.543862895315,199.6852286966,0.99375,0.96375,0.3675,0.0
w23a_gateA,s101,4,free,dplus,1,800,157.13119097554582,24.261250504051294,12.6554004093,44.351859156541,125.69724707091,159.82659653045,185.51480749815,192.015719558571,195.1949168092,0.96,0.73125,0.125,0.0
w23a_gateA,s101,4,free,dplus,2,800,132.92969661428518,33.90979491668518,11.200943139,26.805052310481,52.518668822094995,142.1522698897,169.84782923676002,182.167939991147,196.5675224111,0.795,0.335,0.01625,0.0
w23a_gateA,s101,4,free,dplus,3,800,109.22046535508187,36.319708106459714,16.8341496251,26.261989965454,41.205405824305,122.10160123150001,152.86801123072993,164.046473272493,183.0210325641,0.52375,0.0725,0.00125,0.0
w23a_gateA,s101,4,free,dplus,4,800,83.34241927676644,30.1939437673048,11.8998715344,18.887772569209,34.638653202644996,81.87125153115,130.15281299910498,142.83319542549899,153.3357433377,0.14625,0.0025,0.0,0.0
w23a_gateA,s101,4,free,dplus,5,800,70.18416775524379,21.973862644629172,9.7190608942,22.731989610726,33.299281629085,70.04396865289999,107.51021118744997,117.071501243835,138.3918876868,0.00625,0.0,0.0,0.0
w23a_gateA,s101,4,free,dplus,6,800,66.39196656625789,20.391273025603827,7.365764669,16.984979983229998,31.06261740225,67.8839309722,97.903232319205,108.38032979761797,123.4686596412,0.00125,0.0,0.0,0.0
w23a_gateA,s101,4,free,dplus,7,800,64.76727286845615,19.646713488969,9.3557675072,19.42382112288,29.529094513689998,66.59472376165,93.04829409657499,100.735014117364,113.6705692414,0.0,0.0,0.0,0.0
w23a_gateA,s101,4,free,dplus,8,800,48.40839523373318,18.86070113101817,4.8950662121,12.871477699677001,20.405704067945003,46.6889769808,80.59314851781,91.516107446183,102.1472652709,0.0,0.0,0.0,0.0
w23a_gateA,s101,4,free,dplus,9,800,35.14263029080365,15.498613999088798,3.4276550176,8.316966653077001,13.786931521120001,32.6411464246,64.24263540239498,76.681090258251,90.7506413943,0.0,0.0,0.0,0.0
w23a_gateA,s101,4,free,dplus,10,800,22.52468977102062,9.797182041786447,3.8977307526,5.8770005060659996,9.225271308855,21.004379593400003,41.77247260770499,51.14889403831899,64.5253635501,0.0,0.0,0.0,0.0
w23a_gateA,s101,4,free,dplus,11,800,12.910188343054008,6.056776072772635,-2.1714744787,0.11389650306400002,4.282468135675001,12.4046077692,23.641145024234987,30.123895532112,36.2735551356,0.0,0.0,0.0,0.01
w23a_gateA,s101,4,free,dplus,12,800,8.091137596115253,5.481219810462877,-6.1764543872,-4.382097816808,-0.3944995070649999,7.9233085675999995,17.62723904496499,22.053827172669,27.9237590374,0.0,0.0,0.0,0.065
w23a_gateA,s101,4,free,dplus,13,800,3.5967343623951233,4.664632712860811,-11.2774996639,-6.076747682785999,-3.7952955549,3.42141145955,11.580860728754999,14.989149046226999,17.3343344811,0.0,0.0,0.0,0.21625
w23a_gateA,s101,4,free,dplus,14,800,0.14702383008574674,4.658662716089127,-14.0474220991,-10.852455737276,-7.560143552829999,0.1511874664,8.048494824039999,10.327060911015998,13.874353004,0.0,0.0,0.0,0.49
w23a_gateA,s101,4,free,dminus,0,800,0.07436150574687446,4.58341728443598,-12.629959369,-10.544901568839999,-7.537480020565001,0.1470445447,7.339465868819996,10.922223705620995,15.1661276589,0.0,0.0,0.0,0.4825
w23a_gateA,s101,4,free,dminus,1,800,4.187630531208873,4.912893815554434,-11.0116524633,-6.160937686733,-3.99414412609,4.2181361474,12.40376167957,15.994657148167999,22.2246159103,0.0,0.0,0.0,0.19125
w23a_gateA,s101,4,free,dminus,2,800,8.454105968000132,5.112067222521919,-6.6224895062,-2.79840006195,0.831431868395,8.10384659195,17.385251572214997,21.583039555491997,28.8148956591,0.0,0.0,0.0,0.03625
w23a_gateA,s101,4,free,dminus,3,800,13.386827837214113,6.246348372663632,-1.690895562,1.683865432296,4.49297523866,12.528895420049999,23.91349836239999,31.05518815170399,46.5381979714,0.0,0.0,0.0,0.00375
w23a_gateA,s101,4,free,dminus,4,800,22.888016272229105,9.56531834653709,-0.3293330993,5.070847462010999,9.50972664657,21.8271871826,40.71390943367499,49.21077458399799,69.8379895883,0.0,0.0,0.0,0.00125
w23a_gateA,s101,4,free,dminus,5,800,34.651470877244755,15.205191045098946,4.6058786075,8.479866334193,13.570379253550001,32.7166526313,63.843170224365004,75.676340719528,88.5469571582,0.0,0.0,0.0,0.0
w23a_gateA,s101,4,free,dminus,6,800,47.787492303373355,18.818786547603402,5.883298914,14.072372990867,19.81481256724,46.01653994385,80.81578679565999,90.305997363472,100.2590083606,0.0,0.0,0.0,0.0
w23a_gateA,s101,4,free,dminus,7,800,61.47141369500819,19.71429968645826,8.8103022676,17.149718888188,27.07191015064,63.715218130050005,90.69881402738999,98.29157229367,106.9367599191,0.0,0.0,0.0,0.0
w23a_gateA,s101,4,free,dminus,8,800,64.28031202746985,20.154421367112395,7.8106327677,17.282259705886,29.872606908365004,65.3906506744,95.14657890359999,105.515330753385,120.5207449934,0.00125,0.0,0.0,0.0
w23a_gateA,s101,4,free,dminus,9,800,67.24021935110152,22.746141716059554,10.8347322015,17.795226934046,26.76803559688,68.57031390045,102.740709176975,113.881848763902,123.3517166191,0.00375,0.0,0.0,0.0
w23a_gateA,s101,4,free,dminus,10,800,77.52836228783595,27.66933700800279,10.6502263086,20.421918646580004,31.285103967475,78.20558274455,122.738992050665,133.27845581572097,138.6994248831,0.06625,0.0,0.0,0.0
w23a_gateA,s101,4,free,dminus,11,800,92.15222785363423,34.11037432501599,14.1385663764,22.042663457506997,35.42734295647,91.76612401784999,140.99578268048,150.831291774585,162.523190152,0.27375,0.01125,0.0,0.0
w23a_gateA,s101,4,free,dminus,12,800,132.25760844629494,31.88473015137231,6.9794809841,23.604574112323,54.325122723885,140.0529592149,164.50655589002,178.572299673703,195.8328622591,0.8075,0.2725,0.01,0.0
w23a_gateA,s101,4,free,dminus,13,800,151.45794521394714,29.405871377372467,12.0653549982,24.292098386341998,102.76938264041002,156.1425735463,185.15260470882998,192.853200349831,198.7507785353,0.9275,0.655,0.085,0.0
w23a_gateA,s101,4,free,dminus,14,800,169.51384794134287,19.400966382218083,11.4487015266,100.73878297697601,144.67658840541,171.87322896915,191.947717731565,196.35528107597798,198.6036138055,0.98625,0.9125,0.28375,0.0
w4a_c1_carved,s7,0,bound,dplus,0,400,172.57380222054005,15.59953558108632,55.2962177342,135.026879265024,146.91661460260502,175.25843277515,191.80408559930999,196.118218903952,198.1313929141,0.995,0.935,0.33,0.0
w4a_c1_carved,s7,0,bound,dplus,1,400,133.22340530679097,28.00057861856734,18.7264728728,40.234393672329,68.22521435825,138.90416398565,165.81910359856,178.30843093634198,194.4264938057,0.82,0.2475,0.0075,0.0
w4a_c1_carved,s7,0,bound,dplus,2,400,76.29059829557674,25.320123917388887,14.713790631,19.620783789462,33.563640878955,76.2470311006,119.57604314446499,127.89523283836799,132.9116117922,0.0475,0.0,0.0,0.0
w4a_c1_carved,s7,0,bound,dplus,3,400,67.59473341678623,22.288087337820933,12.6364946821,20.632870384190998,29.511139907975007,68.115234375,103.57491854459998,112.49976595955098,123.7563985571,0.005,0.0,0.0,0.0
w4a_c1_carved,s7,0,bound,dplus,4,400,62.27537230736173,21.62897970890991,10.396749522,14.257177641008001,25.257911463345003,63.9657773662,95.18604169155,102.447781524136,118.9289185747,0.0,0.0,0.0,0.0
w4a_c1_carved,s7,0,bound,dplus,5,400,60.34897990545451,19.83918915425304,11.4349306883,16.074377464761003,26.640783714765004,60.560412434300005,87.01311917424,100.13269812568196,113.1530079833,0.0,0.0,0.0,0.0
w4a_c1_carved,s7,0,bound,dplus,6,400,33.703592274886525,16.083430169583245,1.1520823375,4.380358956735,11.995240424864999,31.928272137900002,63.16380108749496,76.82911276593698,87.5405189412,0.0,0.0,0.0,0.0
w4a_c1_carved,s7,0,bound,dplus,7,400,21.928573229116253,9.960251625398083,1.8634978489,5.584443714145,7.9366709489,20.4060483389,38.93650849968996,53.01960407207999,64.7397451601,0.0,0.0,0.0,0.0
w4a_c1_carved,s7,0,bound,dplus,8,400,11.456343174893993,6.022216275644274,-6.1058496654,-0.22848388206499995,2.332406563685,11.10209652845,22.790924130584997,28.232804657632997,31.8176386233,0.0,0.0,0.0,0.0125
w4a_c1_carved,s7,0,bound,dplus,9,400,6.643271801804004,5.297604313078553,-9.6013085564,-4.295157146315,-1.6300471289749998,6.40273960325,16.063706232045,19.453871892896,27.3829618786,0.0,0.0,0.0,0.0975
w4a_c1_carved,s7,0,bound,dplus,10,400,2.316455731653249,4.679180419701387,-10.0783864125,-8.051524408437,-4.952646988564999,2.24488004895,10.279207247799995,12.9595258724,14.2628540272,0.0,0.0,0.0,0.325
w4a_c1_carved,s7,0,bound,dplus,11,400,-1.655667890328251,4.560423970421378,-15.845333413,-12.814245862199,-9.407256438195,-1.6515669813999998,5.7356708592349985,8.939794828551989,12.665436783,0.0,0.0,0.0,0.6525
w4a_c1_carved,s7,0,bound,dminus,0,400,0.907075783492498,4.728984929826717,-13.9986406549,-10.2848369533,-6.5360133096299995,1.0008365201,8.897688739855,11.052036030074998,14.0892014221,0.0,0.0,0.0,0.4175
w4a_c1_carved,s7,0,bound,dminus,1,400,4.815354064591248,4.58111258535286,-7.8012966061,-5.28347387368,-2.60212827142,4.7880504601,12.734057570480001,16.342792109866,20.7598888623,0.0,0.0,0.0,0.14
w4a_c1_carved,s7,0,bound,dminus,2,400,8.884431390415749,5.084811787908928,-8.6060737333,-2.4204932480489996,0.8833409267300008,8.83994458055,17.805273810984996,21.362239334336,24.4299339747,0.0,0.0,0.0,0.04
w4a_c1_carved,s7,0,bound,dminus,3,400,14.808984468362244,6.4576555538223115,0.5433646033,3.148853892804,6.03741560107,13.699416676599999,26.796884336189994,31.558560139818994,46.4408684871,0.0,0.0,0.0,0.0
w4a_c1_carved,s7,0,bound,dminus,4,400,24.855345512669743,11.067156155736132,2.9857044694,5.489494950992,10.704936215345,23.000567638600003,46.015559646889976,55.26937626973997,84.3998341898,0.0,0.0,0.0,0.0
w4a_c1_carved,s7,0,bound,dminus,5,400,41.53835902022502,16.649686429812988,8.7694565607,11.582404696499,17.78184004538,39.8677439352,73.33526903080497,83.161252315326,89.8941652725,0.0,0.0,0.0,0.0
w4a_c1_carved,s7,0,bound,dminus,6,400,64.76369037753523,19.214242263830602,11.1221692758,16.593822822015,30.2237691205,67.3067227832,90.795571671845,105.562851578306,107.1134588669,0.0,0.0,0.0,0.0
w4a_c1_carved,s7,0,bound,dminus,7,400,65.98690594966601,20.050740205555933,13.3227025574,19.689497938541,31.862172114025004,67.5083838731,96.67277874041498,109.446053347009,120.5937520176,0.0025,0.0,0.0,0.0
w4a_c1_carved,s7,0,bound,dminus,8,400,71.48249180997695,23.42894766344389,8.7965314293,22.177164869138,31.802327318354997,72.70675863405,109.399659096835,130.42912933509396,136.0142137948,0.02,0.0,0.0,0.0
w4a_c1_carved,s7,0,bound,dminus,9,400,96.15150321419779,33.27029576007805,17.5314441922,26.018360495353,38.412283027600004,96.55971782385001,140.31620786042998,149.608321248995,159.7811457938,0.32,0.01,0.0,0.0
w4a_c1_carved,s7,0,bound,dminus,10,400,150.29850042304278,27.31043626843313,6.1431943117,26.650577348254,125.80864454521999,152.81132644275,182.27616041318498,186.541657491326,194.0385979507,0.955,0.585,0.08,0.0
w4a_c1_carved,s7,0,bound,dminus,11,400,173.20995482526598,25.51329091252668,12.0567190488,20.133292378744997,154.10674157598004,177.3618669045,192.30283171696,196.064759425151,198.7616852253,0.975,0.9575,0.4125,0.0
w4a_c1_carved,s23,1,bound,dplus,0,400,169.11705648115904,14.276362806033315,130.6862335574,136.08852111363302,146.405433926805,168.70281693135001,191.14798459741002,194.06752187744,199.4208735191,1.0,0.9075,0.2775,0.0
w4a_c1_carved,s23,1,bound,dplus,1,400,146.7879590215452,14.079195168825745,53.6437171367,123.01610719273901,130.201672582765,147.06659295280002,166.73562223019496,180.19321593306498,195.1828374359,0.99,0.395,0.0125,0.0
w4a_c1_carved,s23,1,bound,dplus,2,400,134.29414603051305,12.803260386979932,25.0115768403,65.813198344862,125.94485460618499,134.8807913037,146.37470324018494,153.856707387733,157.4607675385,0.98,0.0225,0.0,0.0
w4a_c1_carved,s23,1,bound,dplus,3,400,73.44296920303151,23.986022382930827,11.0148034178,16.956896809285002,29.38902291463,75.19811334845,113.33806398306994,126.67020062054898,134.0055146476,0.0275,0.0,0.0,0.0
w4a_c1_carved,s23,1,bound,dplus,4,400,67.40673746040748,20.875197433941135,17.4100740918,22.436215344141,31.00641954466,67.62181823610001,99.615256781775,114.67332242569995,129.9606952899,0.0075,0.0,0.0,0.0
w4a_c1_carved,s23,1,bound,dplus,5,400,66.11416650123401,20.177669154634756,8.0384351099,17.55971408942,30.547920650075003,66.32595901055001,97.55607298641999,109.16689368240698,126.3033114285,0.0075,0.0,0.0,0.0
w4a_c1_carved,s23,1,bound,dplus,6,400,35.57766358386677,17.92654342563475,2.7466987333,8.064931136485,13.105916885785001,32.325525812600006,67.90703797206,93.00140789316596,125.9951188279,0.005,0.0,0.0,0.0
w4a_c1_carved,s23,1,bound,dplus,7,400,21.79945441352627,13.885818635935186,-4.2852981597,3.698725800676,7.5907661627500005,19.2091524259,41.310741067174966,73.44134649859,126.4194704558,0.0075,0.0,0.0,0.005
w4a_c1_carved,s23,1,bound,dplus,8,400,11.957952756255498,11.443741807734284,-5.9788778681,0.008439890072000657,2.3256378465350007,10.5171860062,23.043420620194986,32.72546830188898,124.19246312,0.005,0.0,0.0,0.01
w4a_c1_carved,s23,1,bound,dplus,9,400,4.574271032505502,5.186535552677117,-9.485540153,-5.608194909209999,-3.56473320983,4.4076018762,14.051576690939996,17.124873028227995,19.8673518164,0.0,0.0,0.0,0.185
w4a_c1_carved,s23,1,bound,dplus,10,400,-0.046512756936251315,5.009460874266455,-13.0258126195,-11.010546128066,-7.820062290845,-0.380915392,8.499828214624987,12.502390057327991,14.779143762,0.0,0.0,0.0,0.53
w4a_c1_carved,s23,1,bound,dplus,11,400,-4.108494599963509,5.15530439527999,-20.7524199331,-15.408718481161,-12.195641132904997,-4.163928059250001,4.956288091544983,8.932970094362,9.8123058078,0.0,0.0,0.0,0.7975
w4a_c1_carved,s23,1,bound,dminus,0,400,3.4378361018162473,4.9633508815013,-10.3706082696,-8.50124731119,-4.854243845559999,3.2340463671,11.711187709149993,14.642835803040995,20.8943295889,0.0,0.0,0.0,0.24
w4a_c1_carved,s23,1,bound,dminus,1,400,7.520073848144499,7.770626576488468,-8.9627151052,-4.677304911588,-1.3531832576599996,7.37089955785,15.32549593685999,20.36625761833399,122.6402586651,0.0025,0.0,0.0,0.0875
w4a_c1_carved,s23,1,bound,dminus,2,400,11.746389706320244,5.289329186452942,-4.8118576721,-0.676442250225,3.2378741933999997,11.59644628345,20.76119592492,23.948449450281,29.0896122132,0.0,0.0,0.0,0.02
w4a_c1_carved,s23,1,bound,dminus,3,400,17.773264275974004,8.432594441912308,1.6767746176,4.262405891445001,7.196033251695001,17.29523930445,29.095587356574985,34.87151574450699,121.8964578805,0.0025,0.0,0.0,0.0
w4a_c1_carved,s23,1,bound,dminus,4,400,29.028557441893255,12.261928991884224,3.9099844646,10.514254451438,12.53220975739,27.64530801865,48.701433287514995,66.34724545891999,125.9239029051,0.0025,0.0,0.0,0.0
w4a_c1_carved,s23,1,bound,dminus,5,400,44.65057298134772,17.132850168803355,8.2251583413,13.280615141037,19.69005810829,42.670926445999996,75.59648736256491,89.21073957337998,124.2633106078,0.0025,0.0,0.0,0.0
w4a_c1_carved,s23,1,bound,dminus,6,400,68.0246532533575,19.059973669392477,17.3409864962,23.322049026098,36.883906698105,70.12390953635,96.30829499282996,106.15924510939794,121.6452473906,0.0025,0.0,0.0,0.0
w4a_c1_carved,s23,1,bound,dminus,7,400,72.61462183057228,19.359496617236335,17.5463820507,27.065644419181,39.654506005034996,74.8209324211,100.76226483715996,119.33251566697601,123.2372619724,0.0075,0.0,0.0,0.0
w4a_c1_carved,s23,1,bound,dminus,8,400,75.47280600552375,22.59859379679081,14.5195984704,19.474915601093,36.851696940685,76.9785193595,111.24582584364997,127.185176925435,136.2933342856,0.0225,0.0,0.0,0.0
w4a_c1_carved,s23,1,bound,dminus,9,400,98.27413192042675,30.835510233753066,15.154457457,27.680187918259,44.446944461025005,99.66165750479999,139.18452411846,143.64738025155097,156.385477607,0.3325,0.005,0.0,0.0
w4a_c1_carved,s23,1,bound,dminus,10,400,133.64051263906228,25.374871178873,13.9893044933,30.284323464365997,74.92278994387001,137.6400963532,160.51332232778992,175.936995379104,186.2442025914,0.8925,0.16,0.005,0.0
w4a_c1_carved,s23,1,bound,dminus,11,400,170.20368686531376,17.52521247915868,13.2685528203,120.068745425546,131.367774989095,173.0497061881,189.91366890593997,195.20811510944895,198.5011394482,0.99,0.915,0.285,0.0
w4a_c1_carved,s101,2,bound,dplus,0,400,166.50658995594821,31.184279516172605,13.8641999283,23.104516461536,123.56302096533,172.7226842622,190.91412280809,195.69741427706902,197.1340181056,0.955,0.9075,0.305,0.0
w4a_c1_carved,s101,2,bound,dplus,1,400,122.18221379137518,38.414456269539684,13.010874761,18.427622341035004,37.543739916970004,135.79969126549997,162.418799334065,183.14390257559194,195.1361641165,0.705,0.15,0.0175,0.0
w4a_c1_carved,s101,2,bound,dplus,2,400,81.26223578108878,33.986620685675916,11.117501195,13.266013384367,25.870130258105004,83.08343540870001,133.436023760175,140.825141523794,147.2995108651,0.175,0.0,0.0,0.0
w4a_c1_carved,s101,2,bound,dplus,3,400,68.34808612882725,23.553606104669633,10.0681166348,17.845223246297003,26.898835220525,69.1268074809,105.245939766345,120.33191991705296,130.2767235036,0.0125,0.0,0.0,0.0
w4a_c1_carved,s101,2,bound,dplus,4,400,63.48387820149327,20.996712924334755,7.0749432361,16.36778501431,26.44612474601,68.7150827557,94.17582232909999,103.60693480474596,119.5359101707,0.0,0.0,0.0,0.0
w4a_c1_carved,s101,2,bound,dplus,5,400,62.58781050545343,21.238198902116505,9.28948076,14.062341285262,22.560601024695,65.24296426865,93.647115499495,99.90297881302398,112.1595107097,0.0,0.0,0.0,0.0
w4a_c1_carved,s101,2,bound,dplus,6,400,34.604926319011774,15.82274014724969,-0.3921187859,7.515768776876,12.286108538525,32.16120936905,62.00639713787499,74.85120025691292,99.2994144359,0.0,0.0,0.0,0.0025
w4a_c1_carved,s101,2,bound,dplus,7,400,20.79236936842699,10.705441300364237,-0.7160835923,2.804265505507,6.4626777605050005,19.37907056645,39.074356925214985,53.95969018881799,81.5046904876,0.0,0.0,0.0,0.0025
w4a_c1_carved,s101,2,bound,dplus,8,400,11.239821249851502,6.271284264037113,-2.0520883126,-0.8340740021369998,1.23143971084,10.66142970245,22.60592808918499,28.472613303694988,35.7724366635,0.0,0.0,0.0,0.0275
w4a_c1_carved,s101,2,bound,dplus,9,400,5.593621160969,5.115639068907534,-5.9377987572,-5.024414062525,-2.6783580306349997,5.795889101349999,14.180509082249996,18.74741388319999,22.663532206,0.0,0.0,0.0,0.1425
w4a_c1_carved,s101,2,bound,dplus,10,400,0.7163496728642492,4.885706459495654,-13.0780951243,-10.482082038719,-7.032930509054999,0.67313724905,8.75045747192499,12.212259500434996,17.2588282744,0.0,0.0,0.0,0.4425
w4a_c1_carved,s101,2,bound,dplus,11,400,-3.2524572777235017,4.666823342631234,-16.5380766013,-14.507853579142001,-10.738546397025,-3.31247012425,4.140494293739999,7.052611137692,7.675258425,0.0,0.0,0.0,0.7375
w4a_c1_carved,s101,2,bound,dminus,0,400,2.0531269605962503,4.676497654309188,-13.2125358509,-9.926953871925,-5.851719347534999,2.0203453633,9.292841778189992,12.376015774426998,13.6746758485,0.0,0.0,0.0,0.3275
w4a_c1_carved,s101,2,bound,dminus,1,400,6.175091307660251,4.928016857391729,-8.6658251673,-3.891200107543,-1.8204114633049997,6.3980715224499995,14.116929821909999,16.930550161339003,19.936439412,0.0,0.0,0.0,0.1125
w4a_c1_carved,s101,2,bound,dminus,2,400,11.069100199417994,5.070370220268866,-3.4693176386,0.059321970645000374,3.2235898661200006,10.8649580246,19.184038151324998,21.975531787792,33.4103877868,0.0,0.0,0.0,0.01
w4a_c1_carved,s101,2,bound,dminus,3,400,16.03001669305749,6.039938527364214,1.1819580545,4.374299787891,7.302885620830001,15.32390878945,25.51208846198499,32.40490185822998,42.6195775574,0.0,0.0,0.0,0.0
w4a_c1_carved,s101,2,bound,dminus,4,400,25.050611331859486,9.759546346366138,0.9765625,8.197924758016999,12.14634619979,23.45850636355,42.940834876915,51.518442653526,64.1870443953,0.0,0.0,0.0,0.0
w4a_c1_carved,s101,2,bound,dminus,5,400,39.77705012771698,17.611530331773583,5.1236854685,11.004234882873,17.267697627895,36.365749731099996,73.380035925545,85.635307122397,88.2491336042,0.0,0.0,0.0,0.0
w4a_c1_carved,s101,2,bound,dminus,6,400,66.31854909241129,19.214117639378664,13.010874761,18.497960982317,33.540347155875004,67.972391103,95.76105588252,103.58610184958097,116.3469849094,0.0,0.0,0.0,0.0
w4a_c1_carved,s101,2,bound,dminus,7,400,67.354041855992,18.579856000079904,16.1366216539,23.405943773901,35.041088447045,67.7030428418,95.89227563340499,103.48951582892599,110.0216765436,0.0,0.0,0.0,0.0
w4a_c1_carved,s101,2,bound,dminus,8,400,71.03412176819873,22.547879171929722,10.0008962715,21.798816921612,30.683575077719997,72.53870772585,108.51375448282498,118.71233519497397,130.3132666786,0.01,0.0,0.0,0.0
w4a_c1_carved,s101,2,bound,dminus,9,400,80.82268330432204,26.419853460746456,12.3610779159,22.615245578367002,39.52930807844,80.7540630975,124.31186948318495,133.63308551035502,137.0905028885,0.0725,0.0,0.0,0.0
w4a_c1_carved,s101,2,bound,dminus,10,400,131.19856906693656,23.880557040915924,28.1027799355,44.460313844438,79.500263279735,136.42539326995,158.700881927845,168.76792425922093,178.7932099097,0.81,0.145,0.0,0.0
w4a_c1_carved,s101,2,bound,dminus,11,400,172.85780401526554,15.4704254415862,93.5277993547,102.386940393356,148.121157531045,175.06259457595,192.410896554555,195.56789161455401,197.1142638896,0.9825,0.9425,0.3425,0.0
w4a_c1_carved,s127,3,bound,dplus,0,400,167.93005340388166,13.283010914106184,126.564892908,132.97703116898003,142.68582666341,168.68180866580002,187.11325276115497,191.465685651301,195.6866797751,1.0,0.9,0.205,0.0
w4a_c1_carved,s127,3,bound,dplus,1,400,143.66705813489747,13.01576337182001,66.40625,122.594975018149,125.14538532995,144.45318638875,163.54225876803497,175.946914258152,192.2213262274,0.995,0.3325,0.0075,0.0
w4a_c1_carved,s127,3,bound,dplus,2,400,98.22585475081199,33.75265468891156,15.4737541826,22.368024020074,38.913961669445,109.1934806709,134.71923055623998,140.852650218214,148.9435580465,0.44,0.0,0.0,0.0
w4a_c1_carved,s127,3,bound,dplus,3,400,70.66783985900798,27.646115558793642,10.3780771989,16.418797801150003,27.376146480625003,68.4718757469,125.20240517254,128.096916373661,131.8180382892,0.0825,0.0,0.0,0.0
w4a_c1_carved,s127,3,bound,dplus,4,400,63.05618527862694,23.12661694789363,6.7855222275,16.123457666156998,26.477074121630004,62.84917244265,98.46704895134496,125.251890105504,126.7394583564,0.0225,0.0,0.0,0.0
w4a_c1_carved,s127,3,bound,dplus,5,400,61.17714000897678,22.098474809825248,13.5299653442,19.751966195618003,25.61170530597,62.63350711045,92.67820865195996,123.5839602768,126.1445311036,0.02,0.0,0.0,0.0
w4a_c1_carved,s127,3,bound,dplus,6,400,33.56134397390299,20.439072987427085,3.8987810707,6.801104281234,11.23971154996,28.90522302225,64.73881154398487,122.91694161899301,126.6506729024,0.0225,0.0,0.0,0.0
w4a_c1_carved,s127,3,bound,dplus,7,400,21.631770354954483,17.976156990948486,-1.9269837476,3.0635213760839997,6.38360047202,18.3595617232,43.19711251195498,123.69535624080098,125.7145734262,0.02,0.0,0.0,0.005
w4a_c1_carved,s127,3,bound,dplus,8,400,13.090268187853999,17.029714237199236,-5.2749312859,-2.337550788749,1.56278008487,10.21376075525,24.04551752214997,122.908135440715,125.0296723691,0.02,0.0,0.0,0.0275
w4a_c1_carved,s127,3,bound,dplus,9,400,6.934721887781502,16.47813118522218,-10.6282863289,-8.028127987525002,-3.6794279546949995,5.2982716898,14.895378973479998,122.88560324224599,126.0513757064,0.0175,0.0,0.0,0.155
w4a_c1_carved,s127,3,bound,dplus,10,400,3.3431618480447494,16.67745216064869,-15.2011382648,-9.609365663877998,-6.001658102275,1.11753853965,10.436895016684995,122.882381826632,124.3237464709,0.0175,0.0,0.0,0.39
w4a_c1_carved,s127,3,bound,dplus,11,400,-2.771820010009752,5.194818165254187,-22.8791975382,-14.075253196749998,-11.12151574454,-2.60852354205,6.180585638759993,9.769956978941,13.4403381931,0.0,0.0,0.0,0.7125
w4a_c1_carved,s127,3,bound,dminus,0,400,8.205984271518751,27.2235115873847,-11.3583741635,-9.363049713225,-4.6875000000250004,2.34057570505,19.808576887650112,126.163273844277,128.9390439509,0.05,0.0,0.0,0.3025
w4a_c1_carved,s127,3,bound,dminus,1,400,15.130118067389999,31.772908119752103,-7.306480043,-4.5253588820570005,-1.0473306047199997,6.534379481349999,124.81973482707998,127.244063356079,127.9270134502,0.075,0.0,0.0,0.0825
w4a_c1_carved,s127,3,bound,dminus,2,400,19.66274928178699,30.692234534862177,-5.2375866396,-1.0577124163049998,3.22947164796,11.29208741635,124.276077788285,128.748184089426,133.3414946867,0.07,0.0,0.0,0.015
w4a_c1_carved,s127,3,bound,dminus,3,400,24.516790445586494,29.37935679670532,2.5581082696,4.712539585320001,7.49525722989,16.08433914915,125.12089856239999,127.873769926404,129.5158558365,0.0725,0.0,0.0,0.0
w4a_c1_carved,s127,3,bound,dminus,4,400,44.55431287420201,38.338763683811564,6.6146704708,10.204368576704,14.380863109504999,29.08214328395,128.41860829252,132.328315418546,138.9159912612,0.1675,0.0,0.0,0.0
w4a_c1_carved,s127,3,bound,dminus,5,400,59.86796035633975,36.115106542690626,4.3506512906,14.78186992115,20.898624223240002,49.28886457335,128.47925118321498,131.241205856863,133.6811755644,0.19,0.0,0.0,0.0
w4a_c1_carved,s127,3,bound,dminus,6,400,85.44392440913272,28.946582836356864,20.5694311663,30.286022645776,43.988165481605,78.91110480399999,129.850307935515,131.78713749901002,139.6940785382,0.2575,0.0,0.0,0.0
w4a_c1_carved,s127,3,bound,dminus,7,400,97.01543283630929,30.88715838873458,18.1560334011,34.318068086738,48.52628689653,93.70005153560001,132.35885935573,134.981265786255,137.6454290842,0.4275,0.0,0.0,0.0
w4a_c1_carved,s127,3,bound,dminus,8,400,101.15049708382386,31.218537779057478,27.2149109704,35.655884022491996,46.216427163045005,106.61703833105,136.295940570145,140.21258043119798,145.9156600793,0.455,0.0,0.0,0.0
w4a_c1_carved,s127,3,bound,dminus,9,400,127.98701444578181,23.049607317135468,13.2797562141,49.320738228967,72.63328304257,133.92833056675,149.71625789368,157.02857105366598,161.560304746,0.8325,0.05,0.0,0.0
w4a_c1_carved,s127,3,bound,dminus,10,400,149.96284239538647,15.367625512752532,55.4493307839,125.843691868515,130.109645996855,148.52921664955,177.29937508832998,186.066830084786,197.186744599,0.995,0.4575,0.0325,0.0
w4a_c1_carved,s127,3,bound,dminus,11,400,175.0399781176856,13.692819066797565,124.7641475369,126.471058762495,153.089316320685,177.17433424055,193.17520401343498,197.124175279864,199.2475147007,1.0,0.96,0.405,0.0
w4a_c1_carved,s163,4,bound,dplus,0,400,165.21072169468,14.843640145899256,132.379325499,134.659245303606,142.25887012867,164.82070856445,188.81583875933504,195.58891266275498,198.3589606547,1.0,0.83,0.1825,0.0
w4a_c1_carved,s163,4,bound,dplus,1,400,142.71181954585109,10.008875814563538,125.8705639359,127.50320951859601,130.198722248635,140.74941248110002,159.705676566725,174.73804086983094,193.0944129897,1.0,0.2025,0.0075,0.0
w4a_c1_carved,s163,4,bound,dplus,2,400,134.0995275802948,8.708880211919556,54.2337625478,101.87839190399299,127.15274823564499,134.24105901644998,144.14960341979,147.52787673436302,152.7058549282,0.9875,0.0025,0.0,0.0
w4a_c1_carved,s163,4,bound,dplus,3,400,113.71551864449577,29.186493584837645,16.5511472275,36.661127210762,55.881781787715,128.74432603545,136.577953691425,140.014797021882,146.7202412778,0.705,0.0,0.0,0.0
w4a_c1_carved,s163,4,bound,dplus,4,400,107.6956704837928,31.517572747082202,26.8974814771,33.044839716756,46.51686484221,126.96720922360001,136.55526105401,140.118616057594,143.4903630917,0.63,0.0,0.0,0.0
w4a_c1_carved,s163,4,bound,dplus,5,400,81.89865401273146,27.924735353236766,9.5957068595,26.483852174988,41.684187529919996,77.41638533700001,128.56831010402,130.152179568299,132.1132772341,0.215,0.0,0.0,0.0
w4a_c1_carved,s163,4,bound,dplus,6,400,55.79515985802375,37.286932788573324,10.6264190966,12.297554672554,16.244174235135002,43.993860540149996,127.818788751865,130.082419162969,133.909383062,0.185,0.0,0.0,0.0
w4a_c1_carved,s163,4,bound,dplus,7,400,36.197878346754486,34.89959455255292,2.5338342495,6.718133813356,10.190046904879999,23.50285313095,126.712188955155,129.681752850317,131.5910529192,0.1225,0.0,0.0,0.0
w4a_c1_carved,s163,4,bound,dplus,8,400,25.366718327586497,34.874509090661654,-3.5197329111,1.7242209906990003,4.9133417483600015,13.8156518881,126.10475171215,128.839085724615,131.8290070814,0.105,0.0,0.0,0.01
w4a_c1_carved,s163,4,bound,dplus,9,400,20.176168106028502,36.421480063461104,-7.2037822658,-3.972424713218,-0.29969078635499996,8.902030055,126.08480384179,128.335421368148,130.1146061402,0.0975,0.0,0.0,0.0625
w4a_c1_carved,s163,4,bound,dplus,10,400,14.965063668728751,36.43624532550428,-10.0998595841,-7.123248536113,-5.014078931659999,3.7680748088,124.29792714518,127.88233282728099,129.6793222988,0.0975,0.0,0.0,0.2675
w4a_c1_carved,s163,4,bound,dplus,11,400,8.09938504303875,33.44243634700327,-17.4698255258,-12.804041437587001,-9.000059751455,-0.73568953155,122.73926424395998,127.193925631574,129.2660494946,0.07,0.0,0.0,0.5925
w4a_c1_carved,s163,4,bound,dminus,0,400,1.0040388234959996,5.189870998468089,-17.5258424952,-11.837505975102001,-8.04095587354,1.1474142567,9.278930897509998,11.676345154183998,13.3973918499,0.0,0.0,0.0,0.4
w4a_c1_carved,s163,4,bound,dminus,1,400,4.883419350501999,5.071901516464809,-8.9813874283,-5.632730341762,-3.07439800427,4.59245787525,12.959619233989972,19.417908998521995,23.1032654159,0.0,0.0,0.0,0.155
w4a_c1_carved,s163,4,bound,dminus,2,400,9.479518328752494,5.219296496290511,-7.1029517208,-1.7953065248109998,1.36802775459,9.4108508604,18.085452019629997,23.060263055670998,27.3885635755,0.0,0.0,0.0,0.03
w4a_c1_carved,s163,4,bound,dminus,3,400,14.482473202621755,8.467803781683742,-2.3359076243,2.502334040374,5.01631961043,14.1629570985,25.91727787407999,31.963562828641987,124.0094247514,0.0025,0.0,0.0,0.005
w4a_c1_carved,s163,4,bound,dminus,4,400,24.7923620122025,11.113908745985027,5.2992053059,9.233052999563,11.357720632195,22.938948972299997,43.56859838071499,59.05036298999297,122.1965824846,0.0025,0.0,0.0,0.0
w4a_c1_carved,s163,4,bound,dminus,5,400,37.925798494290774,17.185633080111085,5.9041885755,12.495313246918,16.81573404635,33.792236794900006,70.46029143759,88.980696552328,122.7376879426,0.005,0.0,0.0,0.0
w4a_c1_carved,s163,4,bound,dminus,6,400,63.79618589941824,19.20648447962087,14.7586042065,20.313993785849,31.306390415835,63.7949256095,93.652997281355,100.12717333425996,122.0331426906,0.005,0.0,0.0,0.0
w4a_c1_carved,s163,4,bound,dminus,7,400,67.32891673722655,21.614000457086178,18.114020674,22.302353459635,31.774505556870004,68.1997266372,97.57334488529996,114.542396256044,124.6761874525,0.0075,0.0,0.0,0.0
w4a_c1_carved,s163,4,bound,dminus,8,400,70.68302488632497,22.77896674190314,12.9436543977,20.973462894365998,30.63988184154,71.89684661805,108.50732160424496,123.08913895186699,132.1219387725,0.0175,0.0,0.0,0.0
w4a_c1_carved,s163,4,bound,dminus,9,400,125.23896966211716,26.728477030963063,18.0934811185,36.374357672079,59.502531966975006,133.13036280925,148.95234236090997,157.442897912472,163.7487302958,0.8075,0.045,0.0,0.0
w4a_c1_carved,s163,4,bound,dminus,10,400,150.73117149218626,14.747908744701327,80.2947239484,125.01824184078701,127.66621271267002,149.92660386205,175.70121859713498,189.53956787473902,192.9167193348,0.9975,0.5,0.03,0.0
w4a_c1_carved,s163,4,bound,dminus,11,400,171.13482576046542,14.789179453040079,123.9904966536,129.084213322154,143.910286366495,173.49379688875,192.99626309211502,196.634085914099,198.4501691582,1.0,0.9125,0.305,0.0
w4a_c1_carved,s199,5,bound,dplus,0,400,169.6150546290923,13.087374508487777,131.4107713527,137.48017468556097,145.62451282809,170.79495626674998,188.79616072508998,193.54444759615998,197.3844593536,1.0,0.9125,0.2325,0.0
w4a_c1_carved,s199,5,bound,dplus,1,400,146.74874519230963,11.43374223679037,122.4613090917,127.62719088592,131.239172867275,145.0082009624,165.61950783626997,182.100469230156,197.435503344,1.0,0.3325,0.0125,0.0
w4a_c1_carved,s199,5,bound,dplus,2,400,123.73254802457703,21.84977179365528,28.1784028442,45.819985734354,69.91118509499,130.5535228139,142.41622402973,149.16345450923,158.6752341071,0.8075,0.01,0.0,0.0
w4a_c1_carved,s199,5,bound,dplus,3,400,77.95008394361027,23.699071649890534,11.8531907266,28.693114767557002,39.290582427055,77.03453632885,123.55476955573495,130.725411384731,137.4813965983,0.06,0.0,0.0,0.0
w4a_c1_carved,s199,5,bound,dplus,4,400,70.68932741348901,20.393821653980325,12.8456247012,25.722096080337003,36.03805046008001,70.9847036329,99.1262663411249,126.10222975928698,129.0051379468,0.025,0.0,0.0,0.0
w4a_c1_carved,s199,5,bound,dplus,5,400,68.8425975910335,18.754137456667387,19.1475337596,24.307079424611,37.21823464388,69.11046919815,94.79915115621499,123.532574249053,128.4877892554,0.0175,0.0,0.0,0.0
w4a_c1_carved,s199,5,bound,dplus,6,400,41.946796630711745,19.16492509735872,7.925467555,10.85335317579,16.217892940355,40.0778075705,73.01163099006499,126.148034493344,129.695941481,0.015,0.0,0.0,0.0
w4a_c1_carved,s199,5,bound,dplus,7,400,26.300514826615757,16.51342613450784,3.5318699211,5.6030973649939995,8.93456657805,23.39735450525,47.386248207469976,125.92403765260799,129.2483799301,0.0125,0.0,0.0,0.0
w4a_c1_carved,s199,5,bound,dplus,8,400,14.02293214048499,14.243117913753734,-4.4477473709,-0.4442705843979994,3.2375941084699997,12.6957793081,25.34151679013997,122.98861697684798,127.9531228172,0.0125,0.0,0.0,0.015
w4a_c1_carved,s199,5,bound,dplus,9,400,7.547381591812005,11.516666263762914,-7.1860435588,-4.815685498356,-1.558905577815,6.43728340105,15.989297024345,21.62406264934199,128.2467698755,0.0075,0.0,0.0,0.0975
w4a_c1_carved,s199,5,bound,dplus,10,400,2.9768291219732492,11.822214327358118,-12.2387741993,-8.405682361416,-6.316240066325,1.89617441445,11.865467779034999,16.77536448375299,126.2859805111,0.0075,0.0,0.0,0.3575
w4a_c1_carved,s199,5,bound,dplus,11,400,-1.3210274595804987,12.067946886813544,-14.5868188337,-12.713125896291999,-10.409119936049999,-2.1211759082,5.958711759069986,12.011009201756993,128.5227866839,0.0075,0.0,0.0,0.695
w4a_c1_carved,s199,5,bound,dminus,0,400,1.6646889564427496,5.342187094715492,-10.1596110182,-9.424957800577,-6.842939621129998,1.55493770915,10.782099590744997,15.200195312476989,18.2279218451,0.0,0.0,0.0,0.3675
w4a_c1_carved,s199,5,bound,dminus,1,400,5.545714981923498,5.330807669944626,-9.6872012428,-5.3745107851339995,-2.6639803417499994,5.70019344525,13.913681584569996,17.04232268759699,23.7437260994,0.0,0.0,0.0,0.1625
w4a_c1_carved,s199,5,bound,dminus,2,400,10.808054119860753,5.917906052394543,-4.2759619981,-1.9888171456969996,1.042569162295,10.541460026300001,20.519762786844982,25.570654203507996,34.6950436185,0.0,0.0,0.0,0.035
w4a_c1_carved,s199,5,bound,dminus,3,400,17.058089130465763,6.699790585784647,-1.7832068595,2.950413778691,6.97499962658,16.80135635755,28.91927394542499,34.54433929852499,40.3051431047,0.0,0.0,0.0,0.0025
w4a_c1_carved,s199,5,bound,dminus,4,400,26.847434982971002,10.475111975900763,6.383133664,7.730631199251,11.946132214940002,25.9288547144,44.815676162204994,55.210371728607996,66.1411030115,0.0,0.0,0.0,0.0
w4a_c1_carved,s199,5,bound,dminus,5,400,43.65695618738324,16.555953802037678,8.4230849665,15.231751538625002,20.11466673641,42.6377830724,73.27537755441499,86.68876224901997,106.1588417682,0.0,0.0,0.0,0.0
w4a_c1_carved,s199,5,bound,dminus,6,400,67.78441529938405,16.86163858768973,19.6871638982,27.693034476611,35.28681621955,70.15705290985,93.74626553532997,100.27295040106,107.5387187762,0.0,0.0,0.0,0.0
w4a_c1_carved,s199,5,bound,dminus,7,400,67.9638956388797,19.419514710016426,16.696791348,27.645429388708003,35.555090822165,68.89713790635,97.458136651485,112.296474871434,119.244120562,0.0,0.0,0.0,0.0
w4a_c1_carved,s199,5,bound,dminus,8,400,71.6751054492905,21.219752793129647,15.5969915153,24.108723335965,36.90668693237501,73.4060371355,106.70037710980499,118.48847408329799,140.1025967172,0.01,0.0,0.0,0.0
w4a_c1_carved,s199,5,bound,dminus,9,400,95.91643917207901,31.00684293842765,22.180852653,29.156076347402003,43.26615342675,95.74700495935,140.73391466109499,146.684542631786,149.3809906325,0.295,0.0,0.0,0.0
w4a_c1_carved,s199,5,bound,dminus,10,400,136.52196262201346,28.50081760783107,22.0837565727,30.164372460541,67.43201407145501,141.73720015305,169.77497089730994,183.429157348017,192.8242401026,0.8575,0.305,0.0225,0.0
w4a_c1_carved,s199,5,bound,dminus,11,400,167.09397933033216,23.41655744372634,23.6540989484,53.42948957338,136.4213082512,170.83864500595,191.06457800625998,195.70648008227502,197.4236861809,0.965,0.8875,0.2625,0.0
w4a_c1_carved,s7,0,free,dplus,0,400,172.19255954384352,15.19130437474988,62.9264291796,123.76176276850799,147.777659494545,174.43688876045002,191.73715491404,195.80685472716897,198.4633771535,0.99,0.93,0.305,0.0
w4a_c1_carved,s7,0,free,dplus,1,400,144.8797221956503,22.284163263366626,14.7147242471,51.594479854421,109.76831739791501,147.2476122171,174.77237059593998,184.853750771505,197.2880283346,0.94,0.41,0.0375,0.0
w4a_c1_carved,s7,0,free,dplus,2,400,106.52696332824048,34.50054646621989,15.4921931017,24.137671271835,47.609744245200005,112.67629277735,150.718017152255,156.595804132337,163.7623134153,0.4425,0.065,0.0,0.0
w4a_c1_carved,s7,0,free,dplus,3,400,71.61691262860653,22.15451622873322,12.4954019404,18.893663687236,36.679117994165004,73.62310289199999,107.13361028634,120.79851501588598,126.9451064776,0.0125,0.0,0.0,0.0
w4a_c1_carved,s7,0,free,dplus,4,400,67.63170191393226,19.952013963664726,12.1871919067,17.739036078639,33.02786774211,68.424786482,97.24084332609996,104.36232249758099,122.9624095154,0.0025,0.0,0.0,0.0
w4a_c1_carved,s7,0,free,dplus,5,400,64.54622949381803,18.29706997698885,8.5139958398,23.902503865150003,34.065605440695,65.5593434438,91.40654759015,99.715254580949,108.5264676853,0.0,0.0,0.0,0.0
w4a_c1_carved,s7,0,free,dplus,6,400,40.018617181433,17.582822447467326,9.4913752539,11.702805003038002,16.15011240741,36.6468265453,75.12621906933498,84.11372285040697,93.2819081994,0.0,0.0,0.0,0.0
w4a_c1_carved,s7,0,free,dplus,7,400,24.853281637449992,10.97370037682122,3.9353088029,6.749451967342001,9.769353629505002,23.585419809850002,44.132846810394994,59.291728440945995,73.9935151022,0.0,0.0,0.0,0.0
w4a_c1_carved,s7,0,free,dplus,8,400,13.457662899676997,6.661999566351151,-8.6678091016,1.0091316996270001,3.951413681545,13.03018894525,25.724381105854956,31.135707877117987,37.6726956486,0.0,0.0,0.0,0.0075
w4a_c1_carved,s7,0,free,dplus,9,400,7.475678132094503,5.414779626932573,-6.3694795277,-3.567546895526,-1.080794908775,7.33944836355,16.197172496769998,20.196901981506976,26.9944608553,0.0,0.0,0.0,0.075
w4a_c1_carved,s7,0,free,dplus,10,400,3.436832464448999,5.139357587631573,-9.8700733075,-8.117121446644,-5.238251841059999,3.47532779265,11.514544806129976,15.935672446355,19.0980521033,0.0,0.0,0.0,0.2475
w4a_c1_carved,s7,0,free,dplus,11,400,-0.7904379500020007,4.57373584945642,-17.7254029487,-11.15837374331,-8.12291570196,-0.9823392499500001,6.944902175739991,10.983603132860997,14.2147727952,0.0,0.0,0.0,0.5825
w4a_c1_carved,s7,0,free,dminus,0,400,0.5560005144234981,4.618605576731548,-11.1123663062,-9.649171555660999,-7.204412456685,0.3345846902,8.302951907605,11.746181976759999,15.4178539152,0.0,0.0,0.0,0.4625
w4a_c1_carved,s7,0,free,dminus,1,400,4.034229519260251,4.922461094948162,-9.848950242,-6.6693862126850005,-3.4430188385249996,3.86003600025,13.323601162909998,16.815804067594993,23.282403016,0.0,0.0,0.0,0.1875
w4a_c1_carved,s7,0,free,dminus,2,400,8.09927741610475,5.637152213463951,-6.353491351,-4.202757155252,-0.7723398007799996,7.941922539749999,17.183263716724994,21.62960249424999,35.3239508022,0.0,0.0,0.0,0.0675
w4a_c1_carved,s7,0,free,dminus,3,400,14.297083896615003,6.80225830626851,2.2796572508,2.950341423428,4.51829374178,13.3961664787,27.477817280149992,31.06457799614097,42.8808733792,0.0,0.0,0.0,0.0
w4a_c1_carved,s7,0,free,dminus,4,400,25.402125108767237,10.317651304515955,4.6401890013,8.263161186927,11.551906957655001,23.85651860135,44.230812320709994,55.88091352470598,76.6489528561,0.0,0.0,0.0,0.0
w4a_c1_carved,s7,0,free,dminus,5,400,40.670482278097516,17.089203426160115,6.9631427014,9.038284330912,17.374369108910003,38.4265323442,71.49168638155496,87.23787792786797,98.8037809587,0.0,0.0,0.0,0.0
w4a_c1_carved,s7,0,free,dminus,6,400,69.18125800913148,18.212841313737105,12.0570691548,24.627951627436996,35.98977083461,71.8408879997,95.91985815565499,103.899326956559,113.876293471,0.0,0.0,0.0,0.0
w4a_c1_carved,s7,0,free,dminus,7,400,71.99071216317496,19.94381084996733,1.786591218,24.857614199928,36.39634900065,73.51036874105,101.04885167419498,115.59248599320799,122.2796191889,0.0025,0.0,0.0,0.0
w4a_c1_carved,s7,0,free,dminus,8,400,73.93738149364006,21.14362446617958,14.4760686171,22.509403848723004,36.60606252990001,74.39071042590001,108.25745528348999,122.974406624213,134.3175009465,0.0125,0.0,0.0,0.0
w4a_c1_carved,s7,0,free,dminus,9,400,84.00029203366871,27.52042114070458,9.6518405309,18.946065228065997,39.285669272055,84.19006230955,124.45813829816998,133.08109823434498,144.0037539721,0.11,0.0,0.0,0.0
w4a_c1_carved,s7,0,free,dminus,10,400,139.47399794584476,24.342518007421972,7.0610556958,28.552837772942,89.174487258055,143.1784763664,166.08695136673,180.511148545465,188.6918158539,0.9125,0.28,0.015,0.0
w4a_c1_carved,s7,0,free,dminus,11,400,170.9110712051798,22.747974664334798,11.5151049758,55.83816674199401,143.37210245826998,175.84433890135,193.618294002825,196.31961501291,198.3822726108,0.98,0.91,0.3575,0.0
w4a_c1_carved,s23,1,free,dplus,0,400,170.29033033397522,13.44750914467646,128.5501912648,131.545604544778,147.50744531409998,171.66142004210002,189.36485998591,194.152820353668,197.6415526583,1.0,0.9225,0.255,0.0
w4a_c1_carved,s23,1,free,dplus,1,400,147.74327040394027,12.56498934598785,125.1368537916,127.46173309995498,129.56179620589998,147.874086428,170.71928025917498,182.831731739932,188.7462367176,1.0,0.425,0.0175,0.0
w4a_c1_carved,s23,1,free,dplus,2,400,133.7954961502933,10.327727712741712,43.3487317758,94.798176694328,126.497235614505,133.41173177415,148.16376201453,154.73384619046698,165.3445745624,0.9825,0.04,0.0,0.0
w4a_c1_carved,s23,1,free,dplus,3,400,74.46749750416328,22.03481823472649,17.7346224083,26.402228448357,37.144140531605004,74.58011780365,110.53821379566496,132.800067523651,135.9665266546,0.025,0.0,0.0,0.0
w4a_c1_carved,s23,1,free,dplus,4,400,69.17721643740403,18.022795717417036,25.6495867815,28.062340351675,37.71931810547999,71.6125021473,97.31825761082497,105.073791310637,114.3411603399,0.0,0.0,0.0,0.0
w4a_c1_carved,s23,1,free,dplus,5,400,66.15986623917647,17.660091487973137,11.1029134426,23.770732113785,35.353260514375,69.01442343605001,92.12221105516997,97.70702226756998,110.0838969813,0.0,0.0,0.0,0.0
w4a_c1_carved,s23,1,free,dplus,6,400,40.821787321773506,16.187738592001704,5.7985732478,10.378352615608001,17.03488293386,38.97660731355,71.83034397219495,83.41485163909299,91.284786538,0.0,0.0,0.0,0.0
w4a_c1_carved,s23,1,free,dplus,7,400,25.340529491065464,10.902514627016874,-0.1948923727,6.556817778667001,11.175496263625,23.7160093698,43.60195765299494,54.62535033941598,97.4509711475,0.0,0.0,0.0,0.0025
w4a_c1_carved,s23,1,free,dplus,8,400,13.751913913119258,6.518268185893111,-0.0070021212,1.994894986819,3.66765855602,13.2437536411,25.25649936885,30.658938114300998,40.4673589119,0.0,0.0,0.0,0.0025
w4a_c1_carved,s23,1,free,dplus,9,400,7.8907384927134965,5.601010213680471,-13.088364902,-3.287075764775,-0.6913777746899997,7.95808576945,17.113400052615,22.278519406158992,25.2466147078,0.0,0.0,0.0,0.0775
w4a_c1_carved,s23,1,free,dplus,10,400,3.14205337436975,5.241111536004235,-10.9035863931,-7.512973763534999,-5.620590997669999,2.7626285589500004,12.27618303167,16.025359115458997,19.6798116709,0.0,0.0,0.0,0.2725
w4a_c1_carved,s23,1,free,dplus,11,400,-1.0808873951537483,4.572632495872098,-14.6045575406,-12.43412287691,-8.62131501705,-1.18330012775,6.350690502484995,9.132267968412998,13.0210278367,0.0,0.0,0.0,0.5875
w4a_c1_carved,s23,1,free,dminus,0,400,1.1251829659367512,10.060597311876053,-16.0235373969,-11.952382775122999,-8.364255478454998,0.9345497729500001,8.672768937425,11.24421858197698,124.3598677904,0.005,0.0,0.0,0.44
w4a_c1_carved,s23,1,free,dminus,1,400,4.834908672854499,7.084904133715264,-8.77692549,-5.856961602223,-3.742604592975,4.5201026231,12.115548536879995,16.21721023352999,109.0965561248,0.0,0.0,0.0,0.175
w4a_c1_carved,s23,1,free,dminus,2,400,8.46835280467775,5.0869042889316125,-5.4462498506,-2.971078205281,0.31019396805000016,8.1921900208,17.638897576699996,20.576639850089993,29.4833648273,0.0,0.0,0.0,0.04
w4a_c1_carved,s23,1,free,dminus,3,400,14.38772606348149,6.374462415776793,-4.0615803881,0.885308522841,5.574849641130001,13.913273127499998,26.002692082219998,32.12381570789299,38.8513860465,0.0,0.0,0.0,0.0075
w4a_c1_carved,s23,1,free,dminus,4,400,23.215338741616495,9.203447090400948,4.2861150738,5.950150498938,9.941471603105,22.513978567899997,39.627617859669996,46.629425107205996,56.789303373,0.0,0.0,0.0,0.0
w4a_c1_carved,s23,1,free,dminus,5,400,35.87512990040827,16.064094671465007,7.4036928253,11.059138515046,15.896950716270002,32.31157992125,67.63521562801499,83.84100423488599,125.6692204853,0.0025,0.0,0.0,0.0
w4a_c1_carved,s23,1,free,dminus,6,400,67.04721070724429,17.669934086908064,22.5835913226,24.196868371349,33.62472855106,68.53215234000001,93.14783508414499,100.40736309271497,106.3159717739,0.0,0.0,0.0,0.0
w4a_c1_carved,s23,1,free,dminus,7,400,67.01603357027126,19.89065324853715,18.0759758156,24.072234115479997,33.73233364824,68.17416889489999,95.60117411563999,108.91454511258998,120.1019416153,0.0025,0.0,0.0,0.0
w4a_c1_carved,s23,1,free,dminus,8,400,69.78905166970478,22.4418941420187,18.6039357523,27.819674840172002,33.780805832075,70.2182631192,108.75910033484496,119.367631275618,126.607576991,0.0075,0.0,0.0,0.0
w4a_c1_carved,s23,1,free,dminus,9,400,94.73272865386326,34.90500017020593,18.9673458413,24.958019949470003,38.028654313640004,93.2045347604,150.67998060431495,156.719189595282,160.6697665721,0.275,0.055,0.0,0.0
w4a_c1_carved,s23,1,free,dminus,10,400,141.39630174747523,23.337525780180734,29.1456291826,45.109058037358,81.36706379588502,145.45467746495,163.91410485567,173.11079076322395,194.9946521265,0.915,0.3675,0.01,0.0
w4a_c1_carved,s23,1,free,dminus,11,400,170.93415005233848,14.134829909550664,120.595560665,127.120075030452,147.02248479878,173.37392716095,190.80902196916497,196.800539703622,198.1287911998,1.0,0.9275,0.2725,0.0
w4a_c1_carved,s101,2,free,dplus,0,400,174.70662688236823,11.894455082196446,147.2127113383,150.596033166666,154.10093023099998,176.0422277647,193.74704419568997,196.678146280349,198.6110281651,1.0,0.9925,0.365,0.0
w4a_c1_carved,s101,2,free,dplus,1,400,155.83613527185625,13.216962235473206,131.2628011759,133.06991287269503,137.69758512392502,153.3658956735,182.02137381612496,192.2473607183,198.4051021787,1.0,0.6175,0.075,0.0
w4a_c1_carved,s101,2,free,dplus,2,400,136.57382944385571,7.7813002758231,121.7522720872,123.608927852145,126.18614761783999,135.08823578695,149.99313330596,158.349156984453,172.9307329979,1.0,0.05,0.0,0.0
w4a_c1_carved,s101,2,free,dplus,3,400,128.11771796297455,9.59695900809727,44.3962491037,83.455093996499,120.627095536255,128.673761239,139.32859660197002,142.385650224518,146.7296476619,0.96,0.0,0.0,0.0
w4a_c1_carved,s101,2,free,dplus,4,400,116.92552562934102,22.274906901970535,23.8806175684,41.163104843205,62.14111211425001,124.6705168597,132.54509956313,135.90145009365702,144.0348198349,0.8075,0.0,0.0,0.0
w4a_c1_carved,s101,2,free,dplus,5,400,90.49313061891304,30.59091841297261,20.7237112363,25.058195796135,42.780900594185,85.40848974515,129.251828527885,131.37178869741996,133.9657863349,0.3625,0.0,0.0,0.0
w4a_c1_carved,s101,2,free,dplus,6,400,55.70335754415276,38.14576117,9.2762934318,11.808111070466001,17.61427345062,39.88309025085,127.30934743101997,131.663108664083,135.2359957303,0.1775,0.0,0.0,0.0
w4a_c1_carved,s101,2,free,dplus,7,400,39.15449972181549,36.645845910901464,5.770331359,7.996655786880999,11.012650265485,25.38963303285,126.418587041525,130.76889740760802,137.5062190829,0.1325,0.0,0.0,0.0
w4a_c1_carved,s101,2,free,dplus,8,400,27.081918273591246,36.738262118589105,-2.9552452423,-1.037184531146,3.325943372455,14.1785368181,125.14231260365,128.903442164574,130.8880511066,0.1025,0.0,0.0,0.0125
w4a_c1_carved,s101,2,free,dplus,9,400,12.600367116530256,23.591781592894645,-6.1312907057,-3.33787732095,-0.5877055355749998,8.18302891225,23.86960089773,126.723351552715,128.3058894187,0.0375,0.0,0.0,0.0675
w4a_c1_carved,s101,2,free,dplus,10,400,7.170152029195252,19.689965336342855,-8.7890625,-7.729025379374,-4.9297208768,4.1174806555,14.628767374559933,124.488730730075,130.3699543536,0.0175,0.0,0.0,0.2275
w4a_c1_carved,s101,2,free,dplus,11,400,1.3054317629195002,13.13198760707352,-17.0176051999,-11.433153316594,-7.6209569752199995,0.3191800236,8.966268681694997,16.90204564575007,127.3567387128,0.0075,0.0,0.0,0.4775
w4a_c1_carved,s101,2,free,dminus,0,400,1.8919517764184994,15.720350623443034,-15.7187117217,-12.015266491408,-7.5436185468399986,-0.0725303052,8.595016216954994,120.15613154369399,126.9268651665,0.0125,0.0,0.0,0.5025
w4a_c1_carved,s101,2,free,dminus,1,400,5.461889217566501,15.200260284040926,-9.6440214956,-7.589632986109,-4.83208213212,3.62383111255,12.374813743534993,119.25195543891098,125.8773702089,0.01,0.0,0.0,0.2425
w4a_c1_carved,s101,2,free,dminus,2,400,12.331519658497006,21.74124420148259,-5.3528882349,-2.718742764487,0.16580439430000002,8.17964455365,21.114347906499958,124.47175539935398,127.0543799314,0.0275,0.0,0.0,0.045
w4a_c1_carved,s101,2,free,dminus,3,400,20.10761903693499,25.371908238404043,-2.4418730581,-0.182394753477,3.5853486215800014,14.00009943015,117.44073449821998,123.460580144453,127.0050249308,0.035,0.0,0.0,0.0125
w4a_c1_carved,s101,2,free,dminus,4,400,30.26713275587749,25.73308524048767,1.042265737,7.066190584706,10.16890049892,23.9273567273,120.00182554178498,125.55863615876801,126.3247194206,0.05,0.0,0.0,0.0
w4a_c1_carved,s101,2,free,dminus,5,400,45.5477269796445,29.29403317212373,5.716415026,9.701337358465,17.03055328892,36.96927422545,123.80646793493,126.212589168626,127.2932205038,0.0875,0.0,0.0,0.0
w4a_c1_carved,s101,2,free,dminus,6,400,72.45039842886868,26.367940071077385,14.3529479864,20.445027980472,32.8201673227,68.94440222425,124.24297169162,126.583539430649,130.125805672,0.1225,0.0,0.0,0.0
w4a_c1_carved,s101,2,free,dminus,7,400,83.23301039637226,30.529307123494057,19.0756453155,25.027396966169,34.762287322225,78.7602674437,126.18216389691999,129.095697811975,130.946607784,0.265,0.0,0.0,0.0
w4a_c1_carved,s101,2,free,dminus,8,400,124.97863382939518,11.525913874021184,32.577952281,57.914187137804,119.87822485699499,125.6228034194,134.790097062805,144.11153707065696,152.0227964607,0.945,0.005,0.0,0.0
w4a_c1_carved,s101,2,free,dminus,9,400,132.84612107748188,7.84425432423642,119.6778110716,120.652674134331,122.38260653496499,131.12504241015,147.90717465375496,154.514177792608,161.9995090566,0.995,0.0325,0.0,0.0
w4a_c1_carved,s101,2,free,dminus,10,400,150.90635750442357,15.507552154587206,119.6508636866,123.48928065739901,127.685792323795,149.8819246094,179.625519393265,190.28104538744097,199.5326491086,0.9975,0.49,0.0425,0.0
w4a_c1_carved,s101,2,free,dminus,11,400,172.92260291764242,12.808656349978385,123.3556615403,145.99525342381898,151.05219043696,173.41151038895,192.92372137997498,196.090778573057,198.6591823827,1.0,0.9575,0.315,0.0
w4a_c1_carved,s127,3,free,dplus,0,400,174.78053608996305,15.704032309911637,129.1607691498,133.189192977189,144.58473522396002,179.68699011955,193.78078785461,197.016549245717,198.380784102,1.0,0.9,0.4975,0.0
w4a_c1_carved,s127,3,free,dplus,1,400,152.35730246236201,17.058368658276418,125.1886408273,126.404518112589,129.96121937261,148.94829466829998,184.17972079013495,191.413389205599,197.9034428172,1.0,0.48,0.0875,0.0
w4a_c1_carved,s127,3,free,dplus,2,400,133.58286706418517,5.443811258977896,120.5879985805,121.635377173587,126.12201420828,132.96230446434998,143.924531067635,151.261320956008,155.1870397635,1.0,0.015,0.0,0.0
w4a_c1_carved,s127,3,free,dplus,3,400,128.52988685274877,8.835172359425693,55.6267178537,65.76795530596,123.83786964757999,129.08911445810003,135.917219319195,138.43632452557702,141.4567447625,0.98,0.0,0.0,0.0
w4a_c1_carved,s127,3,free,dplus,4,400,93.43458742715853,33.551491821905046,13.4472236123,24.670614384785,41.60270617976001,88.6056582741,132.336465649585,137.81947372773502,139.6843567497,0.42,0.0,0.0,0.0
w4a_c1_carved,s127,3,free,dplus,5,400,69.75057169120774,20.478972620219288,9.8366965299,20.195571578455,34.019058840205,71.91341830485,97.16348739240992,126.81400482536999,135.6601799236,0.0275,0.0,0.0,0.0
w4a_c1_carved,s127,3,free,dplus,6,400,38.274333864215734,17.569233123046306,6.7202857986,10.362622350355,15.977154179220001,35.21915238855,68.04647938014497,89.49634442590695,127.0057134776,0.005,0.0,0.0,0.0
w4a_c1_carved,s127,3,free,dplus,7,400,24.27125256159424,12.915309622080567,2.6999012234,5.491953862555,9.471191639645001,22.08311471155,45.841329366749946,58.37405961517399,127.801487332,0.005,0.0,0.0,0.0
w4a_c1_carved,s127,3,free,dplus,8,400,14.420581260565255,10.505900346125621,-0.3544240335,1.9461765617370002,4.4834815293500005,13.33017148665,26.862167445894986,35.57468159025799,128.9767344988,0.005,0.0,0.0,0.005
w4a_c1_carved,s127,3,free,dplus,9,400,8.336853766058253,7.811737703874667,-7.5894824405,-4.664383663925,-0.04341315127499991,7.87534403755,17.350130099459996,20.63131007818998,121.4941233505,0.0025,0.0,0.0,0.0525
w4a_c1_carved,s127,3,free,dplus,10,400,3.6845440884074994,7.714314552532545,-7.699065637,-6.657652991722,-3.75337035429,3.2808438769499997,11.028953537644998,15.953926976327972,124.8254973447,0.0025,0.0,0.0,0.2475
w4a_c1_carved,s127,3,free,dplus,11,400,-0.1510022019337483,4.79775422751323,-14.440124395,-10.840706177940001,-7.317187453349999,-0.18188009755,7.693102163729997,11.290625139999998,14.8998136502,0.0,0.0,0.0,0.51
w4a_c1_carved,s127,3,free,dminus,0,400,-0.724260611014,4.796980578989336,-16.1554106791,-11.382071675568,-8.469193934469999,-0.809970367,7.141615099904999,10.416725406676997,12.5417326422,0.0,0.0,0.0,0.57
w4a_c1_carved,s127,3,free,dminus,1,400,2.9869015403747494,4.97094117610701,-11.8240152217,-7.645420052624,-4.922532032394999,2.8153195208,11.039602596964995,16.138965030498998,17.2533432795,0.0,0.0,0.0,0.2775
w4a_c1_carved,s127,3,free,dminus,2,400,8.267710241733,9.762770707505561,-6.0832094736,-4.111211422975,-0.9347481664099999,7.86886707545,17.007778889839994,23.17814259870397,124.1008916233,0.005,0.0,0.0,0.065
w4a_c1_carved,s127,3,free,dminus,3,400,14.388846130754755,8.845875854901351,-3.5199663151,0.6497291579120001,3.8232631938600004,13.31593384025,26.980351581215,34.70192787063699,122.8350686907,0.0025,0.0,0.0,0.01
w4a_c1_carved,s127,3,free,dminus,4,400,25.10174169594976,10.7085628113604,2.7854438038,7.495070506684,11.5952850984,23.223876953100003,46.48945153786499,55.05383814265999,61.4265748237,0.0,0.0,0.0,0.0
w4a_c1_carved,s127,3,free,dminus,5,400,39.59125051132525,17.103995336386678,3.9053163838,10.517575790936,17.571082033150002,37.96229171025,70.466593346705,84.02865174620898,121.2728549914,0.0025,0.0,0.0,0.0
w4a_c1_carved,s127,3,free,dminus,6,400,64.94145498798925,18.2120624829678,16.8825809632,25.384652190619,33.831355311875,65.67697907955,91.15686945432998,101.33223137905999,124.0896591583,0.005,0.0,0.0,0.0
w4a_c1_carved,s127,3,free,dminus,7,400,67.79405689843027,20.89404476684125,15.4687359958,19.908169514837,28.655054737870003,68.6546894606,98.17105178399997,123.25640928991099,126.0030089498,0.0125,0.0,0.0,0.0
w4a_c1_carved,s127,3,free,dminus,8,400,71.83800250518622,23.10188455616183,9.8544352369,17.898884001957,32.04668967719,73.1567032706,108.45362452924998,127.441144258418,129.9037584206,0.03,0.0,0.0,0.0
w4a_c1_carved,s127,3,free,dminus,9,400,89.133838970324,29.505741224932585,27.897734487,32.217456241440004,39.740865499505,86.1844998245,131.53259681233496,140.59834730976797,152.6348093527,0.21,0.0075,0.0,0.0
w4a_c1_carved,s127,3,free,dminus,10,400,145.75513237549424,13.264214768682061,123.5036689519,125.78599912601,128.49116928818498,144.52616343925,169.91026115998994,185.91074103131697,196.7789694479,1.0,0.3325,0.02,0.0
w4a_c1_carved,s127,3,free,dminus,11,400,170.68653721701182,13.54658617484217,130.5655145648,136.973816905668,145.8684625796,172.493668708,192.041584198925,196.709430089164,198.1492690636,1.0,0.915,0.25,0.0
w4a_c1_carved,s163,4,free,dplus,0,400,172.32901236414156,14.043548838386288,124.6306666849,132.23556262463998,146.500184374855,174.325459938,192.221363397985,196.186788379765,199.5159782063,1.0,0.93,0.31,0.0
w4a_c1_carved,s163,4,free,dplus,1,400,130.05949455295394,27.130422040805747,20.2104557541,40.724022830644,68.242416235985,135.7227064249,160.274596156555,174.16184042271996,183.498988068,0.785,0.165,0.0075,0.0
w4a_c1_carved,s163,4,free,dplus,2,400,85.06184838930515,26.493209177013526,16.5714533789,19.958131983443998,42.964163610675,83.51593309335,126.23968863228501,134.25515614411398,148.5691952074,0.12,0.0,0.0,0.0
w4a_c1_carved,s163,4,free,dplus,3,400,70.80361757636327,20.369841978104674,15.3429312186,22.784386483471003,36.02596596596,71.63263324569999,103.32465861656995,117.53034589962797,125.7170081089,0.005,0.0,0.0,0.0
w4a_c1_carved,s163,4,free,dplus,4,400,68.56299880270329,18.665701468250347,15.5821703588,25.268981816929,37.563118287265006,69.24887779335,95.40399438333999,106.40082625662299,113.1330677479,0.0,0.0,0.0,0.0
w4a_c1_carved,s163,4,free,dplus,5,400,64.88348499160647,18.179977743111543,17.5462653486,22.567852888281003,34.60793723113,66.34369771749999,92.49479392294498,99.31768015693595,108.0941085458,0.0,0.0,0.0,0.0
w4a_c1_carved,s163,4,free,dplus,6,400,37.66260296619174,15.927804801279281,6.0991976503,9.836228554814,15.677655951225002,35.0127065159,66.55740829083996,77.69128744737097,89.1868343317,0.0,0.0,0.0,0.0
w4a_c1_carved,s163,4,free,dplus,7,400,24.275538369757754,10.508564693292769,1.4760471439,7.709901419441,9.836445620580001,23.1579986631,43.26930438128999,55.398162783411,61.1596773049,0.0,0.0,0.0,0.0
w4a_c1_carved,s163,4,free,dplus,8,400,13.691731265124002,5.857325150783092,-1.7966275917,2.031286177672,5.184633098185,13.166671957150001,24.07004828660999,28.542287910403996,34.6169699674,0.0,0.0,0.0,0.0075
w4a_c1_carved,s163,4,free,dplus,9,400,7.985520371975253,5.455642629882301,-8.616226809,-4.888930019911999,-0.9595356753249993,7.85760533055,16.91893364231,20.367676714865997,23.4938670755,0.0,0.0,0.0,0.07
w4a_c1_carved,s163,4,free,dplus,10,400,4.0878634334287485,4.748074210505948,-10.2709447449,-5.735738546418,-3.52422010375,3.96086654515,11.857158595275001,15.74145811237599,19.3364743293,0.0,0.0,0.0,0.1875
w4a_c1_carved,s163,4,free,dplus,11,400,0.04928676393500133,4.616639663251502,-11.7552777321,-10.46715468344,-7.6388065491449995,-0.12767200945,7.862156709384999,9.726612681892,12.8163324943,0.0,0.0,0.0,0.505
w4a_c1_carved,s163,4,free,dminus,0,400,0.8980316687292504,4.752657925878449,-17.405406011,-9.694238374623,-6.89708935824,1.053935939,8.653904056015,12.108282669128997,17.5874611616,0.0,0.0,0.0,0.4075
w4a_c1_carved,s163,4,free,dminus,1,400,4.508990548536998,4.9453660568857005,-8.0140443878,-6.848813233866,-3.637514424379999,4.5035892873000005,12.58064693059998,15.153968475515995,19.2538492994,0.0,0.0,0.0,0.2025
w4a_c1_carved,s163,4,free,dminus,2,400,8.654970712458999,5.001687189849622,-6.0682716151,-2.322042257334,0.61398683037,8.2197900484,17.24571680247,20.00108182775599,26.0476573703,0.0,0.0,0.0,0.035
w4a_c1_carved,s163,4,free,dminus,3,400,14.234741677745992,5.9278170818517655,1.8232356522,2.8546305960939997,5.135565734010001,13.96100425355,25.31867236985995,30.297753532804993,36.8820394658,0.0,0.0,0.0,0.0
w4a_c1_carved,s163,4,free,dminus,4,400,25.02682279218275,10.358802879738466,1.4116276291,5.914890150769001,10.794639222665,24.48583424205,44.151244883785,53.26173158720296,77.3055184184,0.0,0.0,0.0,0.0
w4a_c1_carved,s163,4,free,dminus,5,400,38.35666605437024,16.319260996493117,9.7463691668,11.315410314979001,16.575637146335,35.7733119286,70.51203127805495,84.21615338003498,93.6345817026,0.0,0.0,0.0,0.0
w4a_c1_carved,s163,4,free,dminus,6,400,65.82353011019774,17.68141094529713,19.8074836804,23.197753206004,35.151657775495,66.75851504615,94.07098890488999,100.98114557766999,108.6323572725,0.0,0.0,0.0,0.0
w4a_c1_carved,s163,4,free,dminus,7,400,68.6565907442365,18.590557861983957,23.4281638384,30.069996704302998,37.932083392505,68.3448455986,98.98204912877,108.422535112711,124.0941724617,0.005,0.0,0.0,0.0
w4a_c1_carved,s163,4,free,dminus,8,400,71.55601638621823,20.220219535088138,18.0134235331,24.837682661992,36.20877967963,73.26004290895,102.54323831420993,114.659807306387,126.1382075685,0.0025,0.0,0.0,0.0
w4a_c1_carved,s163,4,free,dminus,9,400,88.01393138801974,28.388664756756015,23.8848188411,30.336502104391002,41.73211121421,86.4229220505,130.45154961039,137.783935381633,144.4231925391,0.175,0.0,0.0,0.0
w4a_c1_carved,s163,4,free,dminus,10,400,144.5006786081725,22.017718465837053,40.2781849382,59.056971825327004,112.825700694075,146.59489638545,177.51862261271998,189.279557507966,193.7175503516,0.9275,0.4225,0.0375,0.0
w4a_c1_carved,s163,4,free,dminus,11,400,175.12841163962432,10.689382361284341,146.1501150216,149.902637763025,156.384095982975,175.5771226899,191.22882434823498,196.38234048466296,198.2297523147,1.0,0.9875,0.345,0.0
w4a_c1_carved,s199,5,free,dplus,0,400,169.80733676004115,14.281799382760436,123.8722158369,128.844983030495,140.39345147158502,171.6140034213,189.92208237339997,194.930001859064,198.4605566757,1.0,0.91,0.2475,0.0
w4a_c1_carved,s199,5,free,dplus,1,400,148.22879913442665,12.003025090107995,122.4025970697,125.324909365802,129.688290420665,146.96409628204998,172.24311581050495,183.83937687944803,195.1150172603,1.0,0.3925,0.015,0.0
w4a_c1_carved,s199,5,free,dplus,2,400,138.4302266199963,9.405186715438148,47.9815685498,124.14582472730599,127.214250571465,138.3063780649,151.8493764742,158.34680149228095,171.2630184655,0.995,0.0775,0.0,0.0
w4a_c1_carved,s199,5,free,dplus,3,400,110.02540000403198,31.903155638507997,16.9255273064,34.564085280241,46.752036917030004,127.2434290288,138.82890790162,141.50045037923698,155.2031482601,0.6525,0.0025,0.0,0.0
w4a_c1_carved,s199,5,free,dplus,4,400,97.03979421805681,32.76710950291187,20.1836142896,28.926603999275002,43.121927235835,98.0261954021,132.8343001165,137.35001139578299,138.7260565793,0.49,0.0,0.0,0.0
w4a_c1_carved,s199,5,free,dplus,5,400,88.5849847856278,31.256941229726905,13.7323266462,28.595933494756,40.45232769181,83.00390298229999,129.58468274448498,132.47344377750198,136.0097744221,0.335,0.0,0.0,0.0
w4a_c1_carved,s199,5,free,dplus,6,400,53.899522616415986,36.579416735039466,2.2070685946,12.947170629588001,17.489192225945,40.22514387025,127.73860412912998,130.8998526376,134.9573966843,0.1675,0.0,0.0,0.0
w4a_c1_carved,s199,5,free,dplus,7,400,32.35080715192876,28.62854525044917,2.6073565219,5.798773975215,10.481136752370002,24.0694414361,123.70381730882501,129.304148896936,133.4781733258,0.075,0.0,0.0,0.0
w4a_c1_carved,s199,5,free,dplus,8,400,20.68626280181476,28.851302846569702,-0.1624492113,0.565228726634,3.85104994476,13.125534495250001,123.65958612149,127.82654849148298,129.6890626164,0.0625,0.0,0.0,0.0025
w4a_c1_carved,s199,5,free,dplus,9,400,15.109166987625004,28.90086151424785,-4.6431065517,-2.434063358956,-0.2565227092499994,7.99653908495,122.05539419335497,127.80622228105,129.9465898043,0.0625,0.0,0.0,0.0625
w4a_c1_carved,s199,5,free,dplus,10,400,6.940614422601749,22.139614411926722,-12.1464629018,-7.835498467007,-5.01172155089,3.2081385187500002,13.385937546699937,125.08273218537998,129.9330947731,0.03,0.0,0.0,0.2525
w4a_c1_carved,s199,5,free,dplus,11,400,0.9216685845750002,13.262567844904448,-17.4236115261,-11.140559180098,-8.359266467134999,-0.11547664834999999,7.019218021814997,12.510968349672002,126.6573671342,0.01,0.0,0.0,0.505
w4a_c1_carved,s199,5,free,dminus,0,400,0.37413675516225076,4.787516852420824,-13.8046818983,-10.368194871865999,-7.208135251094999,0.49545842419999997,8.351686670944995,10.495857545072997,15.255988214,0.0,0.0,0.0,0.4575
w4a_c1_carved,s199,5,free,dminus,1,400,3.9742175479719997,5.063303091722679,-10.3524027545,-7.547887506727999,-4.094677080815,4.06788229715,12.537723927829994,15.673732429343998,18.828470438,0.0,0.0,0.0,0.2075
w4a_c1_carved,s199,5,free,dminus,2,400,10.096876329332751,12.617634653095577,-7.1418134934,-1.8887930116889997,0.8569896107550001,8.58448385965,18.29626838291,30.236829467129137,125.6755837097,0.01,0.0,0.0,0.03
w4a_c1_carved,s199,5,free,dminus,3,400,15.369386865648249,12.467609567541787,-4.2303315084,2.1347296807849996,4.69863920778,13.74177950975,26.907920472725003,37.73458739771554,130.9379260281,0.0075,0.0,0.0,0.005
w4a_c1_carved,s199,5,free,dminus,4,400,26.186806434864994,14.102669053428496,-1.1557001001,7.134226695045,10.64080262045,23.829793838900002,45.295648228394995,69.5713838915415,126.3559926045,0.01,0.0,0.0,0.0025
w4a_c1_carved,s199,5,free,dminus,5,400,39.53739595175126,17.02108221312253,9.8032030503,13.097992818593001,18.57076320323,37.7372318654,65.43003177092992,116.10398610183992,128.5683364628,0.01,0.0,0.0,0.0
w4a_c1_carved,s199,5,free,dminus,6,400,67.49159586471251,19.14195730427782,17.6502468481,25.744230952382,33.816125698384994,69.6323022788,95.64926118287498,122.638654059733,127.6620931057,0.015,0.0,0.0,0.0
w4a_c1_carved,s199,5,free,dminus,7,400,70.55126086619697,21.79017129977723,24.6564525947,26.519641183295,34.674142286839995,70.88801600965,105.66098306268994,126.81064018692,135.2651113133,0.035,0.0,0.0,0.0
w4a_c1_carved,s199,5,free,dminus,8,400,78.79534796833303,25.77394155315191,21.5430761159,29.386065685478002,41.360642850735,75.58556405350001,127.910849302165,133.11926711480598,137.497369647,0.125,0.0,0.0,0.0
w4a_c1_carved,s199,5,free,dminus,9,400,128.46090868333823,17.280171791725444,34.4516032057,60.58541700903701,86.28181763861501,132.40711274275,145.075610763685,149.8019687513,152.0645691117,0.875,0.01,0.0,0.0
w4a_c1_carved,s199,5,free,dminus,10,400,147.34777871350016,13.19040893649382,72.9521829813,123.67780869343099,129.05987742657,147.3683521542,167.522933391805,185.186321663691,191.6601952742,0.995,0.4075,0.0175,0.0
w4a_c1_carved,s199,5,free,dminus,11,400,172.63382973380016,13.202909911082136,128.3134013687,137.360638737977,151.42676217439998,173.78672747184999,193.00478480866002,196.00153953996,197.6415233647,1.0,0.9575,0.335,0.0
w4a_c1_uncarved,s7,0,bound,dplus,0,400,175.4543209978977,11.528253719292096,138.8564700569,143.15512441166697,154.81553449928498,175.93321675689998,193.68191619475002,196.060352971364,199.3884316032,1.0,0.975,0.3775,0.0
w4a_c1_uncarved,s7,0,bound,dplus,1,400,152.53862657990206,11.818100769753487,124.1510878944,131.990888286157,135.01915591231,151.1912459324,174.57595461287,183.297219242816,192.5974019223,1.0,0.555,0.02,0.0
w4a_c1_uncarved,s7,0,bound,dplus,2,400,133.07753540687438,6.5073962856275065,121.2120668608,122.866243746718,124.81121298628,131.6368448477,146.587925805765,153.53649554783098,157.3830639296,1.0,0.025,0.0,0.0
w4a_c1_uncarved,s7,0,bound,dplus,3,400,127.03545512263177,9.60036245769302,42.1331635397,67.26031272405801,121.84816960043,128.06474741635,134.87007597156997,136.58541337007597,144.4772341099,0.975,0.0,0.0,0.0
w4a_c1_uncarved,s7,0,bound,dplus,4,400,110.13464359391024,27.653587940351457,20.3864423996,27.767163599459998,51.64881281371,124.12302389175,131.96103716473,135.079976428215,139.2928889251,0.6975,0.0,0.0,0.0
w4a_c1_uncarved,s7,0,bound,dplus,5,400,97.43477872229427,32.328853868505455,11.6459279398,29.430410118930002,41.882580963165005,120.04663027870001,129.665281407435,133.18744479164698,134.6151828866,0.5,0.0,0.0,0.0
w4a_c1_uncarved,s7,0,bound,dplus,6,400,39.727255663968506,22.184858452301082,7.3055464269,9.809981103613,14.480806719085,34.8691630318,83.68538442576998,125.73063440825,129.8706337989,0.025,0.0,0.0,0.0
w4a_c1_uncarved,s7,0,bound,dplus,7,400,23.166372847869994,13.50820023227867,-1.2958592256,2.642693893439,7.158268478165,21.03437201245,45.361468167445,57.18254249821698,123.0150559042,0.005,0.0,0.0,0.005
w4a_c1_uncarved,s7,0,bound,dplus,8,400,12.121026773595757,10.079084041953964,-4.2199450287,-2.3008970184479995,2.0357033490300007,10.92704349905,22.349230326824966,32.861412150433985,126.1968011026,0.005,0.0,0.0,0.0275
w4a_c1_uncarved,s7,0,bound,dplus,9,400,5.67339352235325,7.874215478033675,-8.0440368069,-6.411506258915,-3.2303585832899997,4.93089373205,14.105493024039996,19.223222021345,124.501260519,0.0025,0.0,0.0,0.135
w4a_c1_uncarved,s7,0,bound,dplus,10,400,1.3597251271172501,8.0605540129066,-13.2442788002,-9.768500537771,-6.777399766999999,0.90467405595,9.205315263544998,11.95921217735899,130.4353349652,0.0025,0.0,0.0,0.4075
w4a_c1_uncarved,s7,0,bound,dplus,11,400,-2.8084341016374985,4.865707348916714,-16.4017686424,-14.293840747496999,-10.548415466625,-2.83912673275,5.258639683924994,6.892990783317995,10.3556704111,0.0,0.0,0.0,0.71
w4a_c1_uncarved,s7,0,bound,dminus,0,400,1.6131486765057494,5.096756068785616,-18.8132991754,-10.152571552345998,-6.697855670375,1.63662912285,10.674967136734983,13.543549459286,14.9014474785,0.0,0.0,0.0,0.3625
w4a_c1_uncarved,s7,0,bound,dminus,1,400,5.772877649767001,7.835432121030561,-14.8248909536,-4.468081530856,-2.3083192668949994,5.227316861849999,13.658010800025,18.32081665270299,126.6776492956,0.0025,0.0,0.0,0.1225
w4a_c1_uncarved,s7,0,bound,dminus,2,400,10.354832490590498,5.1833647865867505,-2.7476323494,0.11891468986500003,2.1644956978500005,10.01116604925,18.94582598892,22.228859195743,25.1478847992,0.0,0.0,0.0,0.01
w4a_c1_uncarved,s7,0,bound,dminus,3,400,15.555535170088014,8.536981945946394,-0.2875537763,0.9891383096390001,4.92020382707,14.7698076004,26.226864991624996,34.668715642904985,125.9498397252,0.0025,0.0,0.0,0.0025
w4a_c1_uncarved,s7,0,bound,dminus,4,400,26.247289335638992,12.325346337880479,4.6391386831,9.165795291617,12.41765505497,24.124174683299998,45.81338506814,62.62257446518897,127.2071236355,0.005,0.0,0.0,0.0
w4a_c1_uncarved,s7,0,bound,dminus,5,400,42.916487684266265,20.59944337112214,10.4686379661,14.348812066836,20.09846849605,38.833764041600006,77.62453505915992,125.978101363831,128.4401226029,0.0225,0.0,0.0,0.0
w4a_c1_uncarved,s7,0,bound,dminus,6,400,68.73077326320272,20.276957853696995,18.5714925908,21.686428208629,36.10886524555001,69.6580350741,96.99697695083994,124.630183378491,126.0247747752,0.0225,0.0,0.0,0.0
w4a_c1_uncarved,s7,0,bound,dminus,7,400,74.63406981992796,20.462302324294562,21.4498312022,29.371592301028002,38.78839029634,76.79272974425,109.27573736135999,127.37985372253901,130.934521895,0.035,0.0,0.0,0.0
w4a_c1_uncarved,s7,0,bound,dminus,8,400,84.23587458419998,25.252228733544595,23.1135351936,34.192440696712005,45.66881460625,80.9837326721,127.930636304445,130.129556598388,132.2642899336,0.1525,0.0,0.0,0.0
w4a_c1_uncarved,s7,0,bound,dminus,9,400,137.33259575305078,7.370150817847499,117.5162383698,124.010160799825,126.34707588546,136.9094794415,150.257781140635,154.116209700226,161.5146966819,0.9975,0.055,0.0,0.0
w4a_c1_uncarved,s7,0,bound,dminus,10,400,146.45864855098853,11.57168358956,124.9333360533,125.90475197258,128.50242127973,145.69265107910002,165.90080019436,175.51319261994496,185.3914699823,1.0,0.3475,0.005,0.0
w4a_c1_uncarved,s7,0,bound,dminus,11,400,167.5072867193989,16.40286682672796,126.1991900005,126.919565399511,130.767678555015,169.73053673114998,191.22826510605,194.476549239815,198.3235291402,1.0,0.865,0.235,0.0
w4a_c1_uncarved,s23,1,bound,dplus,0,400,173.1583397967071,12.867186910007677,139.0468995386,144.026148813015,150.911223886545,175.1553808858,192.116685444735,196.780903494436,199.1733373011,1.0,0.9525,0.34,0.0
w4a_c1_uncarved,s23,1,bound,dplus,1,400,148.50524751044208,11.868616231398303,119.0320642911,127.36624594736001,131.060825639195,147.65257658115002,170.65339504324498,181.32351330732,192.9570001983,0.9975,0.435,0.015,0.0
w4a_c1_uncarved,s23,1,bound,dplus,2,400,128.5933173062405,15.808971186428094,46.2457427103,65.574267298088,90.11954021274,131.55302858345,144.13353028454,150.92897115932897,158.8340475014,0.8725,0.0125,0.0,0.0
w4a_c1_uncarved,s23,1,bound,dplus,3,400,110.24048351387728,29.810694313127048,28.1615977533,35.182447269388,52.344310169695,127.55893746429999,136.98848570763002,140.54015683554195,149.8500642263,0.64,0.0,0.0,0.0
w4a_c1_uncarved,s23,1,bound,dplus,4,400,100.70562890512343,31.272366516950818,16.6295709847,32.183354744276,47.3166004422,122.3663312486,132.307358833895,136.76205997488597,141.1932181701,0.5125,0.0,0.0,0.0
w4a_c1_uncarved,s23,1,bound,dplus,5,400,80.48509149277906,31.02077411381091,3.7792782027,17.981447179724,35.344467017235004,74.57352413955,129.82048918345998,132.01774139891097,137.5366489053,0.235,0.0,0.0,0.0
w4a_c1_uncarved,s23,1,bound,dplus,6,400,53.26683241379954,38.09282378677398,4.7726457935,7.636942817841,13.264724994040002,39.494764280599995,129.21466860824,131.704779305988,181.3917288427,0.17,0.0025,0.0025,0.0
w4a_c1_uncarved,s23,1,bound,dplus,7,400,35.4103111468485,37.482641843164814,1.9325854446,4.342454140756999,6.933593749979999,21.916639280600002,128.04016927244498,131.33870962148097,189.2907898251,0.1275,0.0025,0.0025,0.0
w4a_c1_uncarved,s23,1,bound,dplus,8,400,18.990194095981252,31.553017361940825,-3.5533430927,-1.674309870973,0.6420478309850005,10.6600292782,125.328294385935,128.452875166802,190.7164403027,0.0725,0.0025,0.0025,0.04
w4a_c1_uncarved,s23,1,bound,dplus,9,400,12.649721573750249,32.080273019732395,-9.5322209608,-7.957173159651,-4.087651619239999,4.0117486257,124.44046496177498,128.528562648776,131.6436997258,0.07,0.0,0.0,0.205
w4a_c1_uncarved,s23,1,bound,dplus,10,400,7.458782122351499,30.230121061982,-18.4855999044,-11.23213058673,-7.719138384315,0.39025155354999996,122.49169718383496,127.421704227946,131.5773023124,0.06,0.0,0.0,0.4825
w4a_c1_uncarved,s23,1,bound,dplus,11,400,-2.5690965399062495,16.711109625920486,-16.7023930449,-14.417759619991001,-12.19890878946,-4.2647586042,4.1203281847249835,125.74149340483798,128.8883209016,0.015,0.0,0.0,0.815
w4a_c1_uncarved,s23,1,bound,dminus,0,400,3.481772078154502,5.154392254583174,-11.3191622849,-7.556931913241,-5.144505108744999,3.64390385995,11.425407803579999,16.29038823491,17.2196163958,0.0,0.0,0.0,0.2625
w4a_c1_uncarved,s23,1,bound,dminus,1,400,7.7295133315330045,7.567565473215004,-5.4747251434,-3.1188941503630003,-0.7835840403599996,7.135628286299999,15.629948165619997,19.821529935478,123.0571998461,0.0025,0.0,0.0,0.0675
w4a_c1_uncarved,s23,1,bound,dminus,2,400,12.278576853744001,7.76468811206266,-3.1257468929,-0.3196701720899999,3.4674504063050007,11.839186484199999,21.542912733025,25.322116246417,125.4715816027,0.0025,0.0,0.0,0.0125
w4a_c1_uncarved,s23,1,bound,dminus,3,400,17.36444941228675,8.680147366213301,-1.0997998327,2.726252539461,7.384530353735,16.2645270674,30.04264758605998,35.68303358027299,124.9052279878,0.0025,0.0,0.0,0.0025
w4a_c1_uncarved,s23,1,bound,dminus,4,400,28.018854654786974,11.824444406501808,5.4728579111,10.728164585365,14.112915272495,25.819154816,47.53898781069495,62.00486600739698,124.5527217382,0.0025,0.0,0.0,0.0
w4a_c1_uncarved,s23,1,bound,dminus,5,400,41.47650837491399,15.922135079820158,11.0988288719,15.228904009304001,19.884063545645002,39.580656966999996,69.75979923516498,83.98351607315094,127.2151022534,0.005,0.0,0.0,0.0
w4a_c1_uncarved,s23,1,bound,dminus,6,400,66.25041474100098,20.709251789861845,10.1950884321,20.570626195027998,29.262331202245004,68.04754720365,94.92103474543497,105.722549755228,124.9470968404,0.005,0.0,0.0,0.0
w4a_c1_uncarved,s23,1,bound,dminus,7,400,67.52210016513652,20.10083659594561,16.762144479,24.700720004808,32.024341240445004,69.56373984225,96.99039495701497,111.129781738156,125.6128657748,0.005,0.0,0.0,0.0
w4a_c1_uncarved,s23,1,bound,dminus,8,400,71.4777962887245,23.062481336425353,19.5760635755,23.210015087244003,34.864214866175,72.51583413,109.90510886422496,125.96517319790397,139.1930884768,0.03,0.0,0.0,0.0
w4a_c1_uncarved,s23,1,bound,dminus,9,400,84.89573939060703,31.21262775861109,14.8164884082,24.396902635015998,34.808197896775,83.5465090225,133.348060392815,141.875321004184,158.9517451452,0.1775,0.005,0.0,0.0
w4a_c1_uncarved,s23,1,bound,dminus,10,400,136.4181241050292,34.150914015546775,16.8144269837,28.206504690508,51.200163569545005,145.94028170455,174.518339086885,188.81481733238698,193.0631925742,0.8375,0.4225,0.035,0.0
w4a_c1_uncarved,s23,1,bound,dminus,11,400,167.60073183362834,24.139002662262396,16.6034297323,34.097697329085996,129.27781355117,172.65863051575002,190.74212382719,195.38348986525298,198.0855065064,0.975,0.8925,0.305,0.0
w4a_c1_uncarved,s101,2,bound,dplus,0,400,173.11927493584307,13.832922865640313,124.8708800478,128.55647800857,148.843746358865,175.59799703049998,191.13963144036998,195.61381941671198,198.7092356149,1.0,0.94,0.3575,0.0
w4a_c1_uncarved,s101,2,bound,dplus,1,400,144.40250798537767,9.997606863101067,126.1387707506,126.816180771314,128.850607679535,143.54791258155,161.717769412235,176.12847479714802,184.7481867319,1.0,0.26,0.005,0.0
w4a_c1_uncarved,s101,2,bound,dplus,2,400,133.76546965648743,9.156249728136062,38.7805479207,108.852955129785,127.703018546545,133.21486668335,145.29774316260998,150.99528514066498,153.1563755892,0.9875,0.0125,0.0,0.0
w4a_c1_uncarved,s101,2,bound,dplus,3,400,97.87158919231032,32.40214980347506,22.1995249761,30.002137980997,46.310862437290005,99.7410148781,134.65862107355497,138.45266429122398,144.65048445,0.42,0.0,0.0,0.0
w4a_c1_uncarved,s101,2,bound,dplus,4,400,78.45126086146506,28.65037659542215,15.5204349904,25.306758260665003,34.920371877950004,74.74064143165,129.487092351805,133.46748939035,135.9077157959,0.1675,0.0,0.0,0.0
w4a_c1_uncarved,s101,2,bound,dplus,5,400,70.23988697877273,22.031623969335023,12.0567190488,20.626829887644,38.429228160805,69.73365798275,123.13091609868499,128.732191743118,132.4154055715,0.055,0.0,0.0,0.0
w4a_c1_uncarved,s101,2,bound,dplus,6,400,39.087004089728495,23.494479493694545,3.6541736377,6.715818445239,13.034495249765,34.203027903899994,76.12724814768487,128.141441391718,129.5367000135,0.035,0.0,0.0,0.0
w4a_c1_uncarved,s101,2,bound,dplus,7,400,22.35386556353675,14.033651301963747,2.1314456859,3.883535118858,7.2989644329350005,20.106824360650002,41.50745399134998,67.04062350620892,132.0517761925,0.0075,0.0,0.0,0.0
w4a_c1_uncarved,s101,2,bound,dplus,8,400,10.621647425952752,11.741504824168556,-6.10958413,-1.953993262983,0.9321690517000001,9.21712550785,21.08553417780999,34.074030159584936,127.3537115929,0.0075,0.0,0.0,0.0375
w4a_c1_uncarved,s101,2,bound,dplus,9,400,6.095302805790502,11.681823331080091,-7.0375985899,-5.748386711295001,-3.4266980610649997,4.9355618128500005,14.669910671639963,21.325062739005975,125.4274857491,0.0075,0.0,0.0,0.165
w4a_c1_uncarved,s101,2,bound,dplus,10,400,1.218646579418501,11.781258007909173,-13.3955246176,-9.798320237834,-7.631611869594999,0.20866321100000002,9.75708241219,16.166338656165962,123.9042846222,0.0075,0.0,0.0,0.4825
w4a_c1_uncarved,s101,2,bound,dplus,11,400,-3.8552162068297435,4.632072077281944,-16.6463760755,-14.389601756679,-10.681222364964999,-4.08597111015,3.416054836904998,7.173028949526999,10.6534939651,0.0,0.0,0.0,0.7975
w4a_c1_uncarved,s101,2,bound,dminus,0,400,3.4888512226667507,4.756500455535299,-9.0654128824,-7.308907445021,-4.155898960339999,3.62709876915,11.161521196779997,13.897296621011995,20.2314621176,0.0,0.0,0.0,0.24
w4a_c1_uncarved,s101,2,bound,dminus,1,400,7.327089619682243,4.479799990886232,-7.1057525693,-2.957154487297,0.1604886173450003,7.0758768523,14.833293499014998,18.025756602532,21.6206829589,0.0,0.0,0.0,0.045
w4a_c1_uncarved,s101,2,bound,dminus,2,400,11.400652971141001,5.395725519380282,-1.9568594646,-0.890679149761,3.4552667154650005,11.052148064050002,20.574052566344996,25.738284984479993,30.5572568117,0.0,0.0,0.0,0.015
w4a_c1_uncarved,s101,2,bound,dminus,3,400,17.061128051055753,6.541415318662611,2.7840433795,5.321238647224,8.138238677075002,16.181435229450003,29.923331441204983,35.430761158542005,45.8797651769,0.0,0.0,0.0,0.0
w4a_c1_uncarved,s101,2,bound,dminus,4,400,26.994393168169516,9.852358747373703,4.2199450287,10.003603758389,13.379746504575001,25.4162994443,45.964584204744995,54.829559034438994,65.9039645076,0.0,0.0,0.0,0.0
w4a_c1_uncarved,s101,2,bound,dminus,5,400,40.499652694789745,14.934404818773451,12.5832785612,14.623827378142,20.129697956500003,37.6466710982,66.44168073312,79.419720213929,91.7324554852,0.0,0.0,0.0,0.0
w4a_c1_uncarved,s101,2,bound,dminus,6,400,66.05338792119406,18.76133037285245,16.4820596319,18.798398661588998,32.75218839624,68.13343989005,93.14921800312999,100.321191360465,109.1872104297,0.0,0.0,0.0,0.0
w4a_c1_uncarved,s101,2,bound,dminus,7,400,67.6936723631892,18.687597206802412,18.7115350143,23.652717196446996,34.58623065548,68.60958413,95.65775125481997,106.48311034946497,117.5462920573,0.0,0.0,0.0,0.0
w4a_c1_uncarved,s101,2,bound,dminus,8,400,71.4249856019655,21.09049746452203,7.9151977772,22.978459608066,32.760777664875,72.62740126074999,106.13845025563998,113.697709931749,126.1304852415,0.0075,0.0,0.0,0.0
w4a_c1_uncarved,s101,2,bound,dminus,9,400,80.54709146005825,26.366385591613117,17.6360092017,25.430490409896002,37.13500276352501,79.29668827675,122.24737478183498,131.00359427177997,134.332540451,0.0725,0.0,0.0,0.0
w4a_c1_uncarved,s101,2,bound,dminus,10,400,136.17919903191498,29.47116898466873,29.0485331023,47.591662434319,68.26554657622002,142.83869736740002,171.31056738405,185.29593756961398,192.7770930392,0.815,0.35,0.025,0.0
w4a_c1_uncarved,s101,2,bound,dminus,11,400,170.33202484680567,18.75449609198096,43.1218630497,86.960771316333,135.89433533183998,173.6537955295,191.10793715800497,195.53492951509597,196.7960432559,0.9775,0.93,0.275,0.0
w4a_c1_uncarved,s127,3,bound,dplus,0,400,174.91815755862694,11.395153804276301,128.3758016312,148.77232705122398,154.92153439728997,175.70007379355002,192.24259635628,196.650154919992,199.3385142951,1.0,0.985,0.37,0.0
w4a_c1_uncarved,s127,3,bound,dplus,1,400,149.12901567760272,15.33214001335609,121.3140006721,124.265438275556,127.895864005465,149.42086716205,177.77934880645495,189.785004639412,194.0211341849,1.0,0.48,0.0375,0.0
w4a_c1_uncarved,s127,3,bound,dplus,2,400,131.67210068586414,7.0701647851876706,62.9948165631,119.48873536915401,124.693101602385,131.3669760039,142.02533281799,150.37036414031297,160.9068966441,0.9875,0.015,0.0,0.0
w4a_c1_uncarved,s127,3,bound,dplus,3,400,93.9264049053152,32.30433597904948,7.3568953155,20.162972036355,40.43584936661,89.77186155595,132.360743616915,136.755554400759,137.7653038965,0.385,0.0,0.0,0.0
w4a_c1_uncarved,s127,3,bound,dplus,4,400,83.59326583478249,33.20313682740532,8.8320088432,18.580828752431998,33.765255288005,78.2921172921,129.20177945339,132.49705203568598,135.2763128188,0.3,0.0,0.0,0.0
w4a_c1_uncarved,s127,3,bound,dplus,5,400,79.24419290618981,32.19583080202881,15.154457457,22.791764385203,31.289165197735,73.8303656788,127.690993568575,130.31536234788302,131.8185246432,0.255,0.0,0.0,0.0
w4a_c1_uncarved,s127,3,bound,dplus,6,400,54.50189065341353,40.52661589763446,1.4583084369,8.273650364517001,14.648064053525001,35.94889011715,126.681528221005,130.079659950831,131.393254588,0.215,0.0,0.0,0.0
w4a_c1_uncarved,s127,3,bound,dplus,7,400,39.279451451715495,41.02573426764292,1.1166049235,3.979576212912,7.660320566444999,21.32192578875,126.26093205126999,129.269323775182,132.3407619186,0.165,0.0,0.0,0.0
w4a_c1_uncarved,s127,3,bound,dplus,8,400,23.346423000102245,36.20587894867594,-4.061230282,0.15068564767900008,2.0165175370450004,10.875694610450001,123.20683820328499,128.134283805614,129.363748409,0.0975,0.0,0.0,0.01
w4a_c1_uncarved,s127,3,bound,dplus,9,400,14.224073909793002,32.026052899593644,-11.2948882648,-6.24887966057,-3.025476517705,5.51440383005,121.40499806963497,126.728673666669,131.0849454646,0.0675,0.0,0.0,0.1625
w4a_c1_uncarved,s127,3,bound,dplus,10,400,10.45616349568325,32.4219006677057,-11.4816114962,-9.410159984470999,-6.541101517654999,1.72532265775,121.06983553103498,125.28815152127899,131.4598154696,0.065,0.0,0.0,0.3725
w4a_c1_uncarved,s127,3,bound,dplus,11,400,1.9059948793527475,24.9265584563855,-20.7113408222,-14.209115081247,-11.085478160865,-2.91661687385,9.51448225378997,123.07673630478,125.7729542381,0.0275,0.0,0.0,0.71
w4a_c1_uncarved,s127,3,bound,dminus,0,400,2.61897770898175,4.831770409474169,-14.1834966539,-9.572441144876,-5.433552670935,2.69068176385,10.01835489368999,13.159067653607998,16.3140087237,0.0,0.0,0.0,0.285
w4a_c1_uncarved,s127,3,bound,dminus,1,400,6.7554142386057485,7.411078822160245,-4.6382050669,-2.6917927670939994,-1.21211385635,6.4858314412,14.61874850623,17.353889071419,123.9613380681,0.0025,0.0,0.0,0.085
w4a_c1_uncarved,s127,3,bound,dminus,2,400,10.938385717910753,7.73546043239133,-3.340478609,0.230267088927,2.43361055509,10.59000806645,20.207094735924994,26.382256064788997,121.2071641951,0.0025,0.0,0.0,0.0075
w4a_c1_uncarved,s127,3,bound,dminus,3,400,16.360148681728248,9.81352002981404,-2.2556166348,3.517240155918,6.509685334045001,15.618931495,27.64288061666,32.331837057859985,123.49335604,0.005,0.0,0.0,0.0025
w4a_c1_uncarved,s127,3,bound,dminus,4,400,27.24109655806301,12.826939498384855,5.5755556883,8.398652231683,11.88731439709,25.73279532145,48.832139549474995,66.67218122612098,124.5833590111,0.005,0.0,0.0,0.0
w4a_c1_uncarved,s127,3,bound,dminus,5,400,40.39245030985472,17.139208822228564,9.7870981716,12.497180479164001,17.678675460085,37.7792445925,68.54824554849499,85.00029875718887,125.0980842681,0.0075,0.0,0.0,0.0
w4a_c1_uncarved,s127,3,bound,dminus,6,400,66.15207599207707,18.855744885786738,19.346394001,20.689755616604998,33.608127688825,67.05324599664999,94.44909177820499,108.26519866617498,125.2334815391,0.0075,0.0,0.0,0.0
w4a_c1_uncarved,s127,3,bound,dminus,7,400,68.38668413885253,19.480390884926017,22.4973485301,26.260587207264003,35.037120578435,69.8652978609,97.901044156345,112.18078012027996,124.3288475867,0.0075,0.0,0.0,0.0
w4a_c1_uncarved,s127,3,bound,dminus,8,400,73.74190926002197,23.4412646366153,17.1589313456,26.401712625525,35.91098530119,74.0133544455,112.37565993234492,134.68111904936498,136.8501870164,0.045,0.0,0.0,0.0
w4a_c1_uncarved,s127,3,bound,dminus,9,400,131.85941702658934,16.271895860928886,25.9255870578,52.091094795601,124.694662676485,133.84098416295,146.906774583605,152.201076605705,163.3573800781,0.955,0.0325,0.0,0.0
w4a_c1_uncarved,s127,3,bound,dminus,10,400,148.10285235650773,17.971728036199014,47.8552969646,82.392503435668,129.02766290883,146.3942282091,177.483802433245,187.99483465734295,199.0737464847,0.985,0.41,0.0425,0.0
w4a_c1_uncarved,s127,3,bound,dminus,11,400,173.58878901293807,15.233221553117515,34.5176565488,125.73700189789001,150.59239288338998,175.22744861044998,193.42653580378,196.87682160856602,198.1456757128,0.995,0.9525,0.3475,0.0
w4a_c1_uncarved,s163,4,bound,dplus,0,400,173.54640536475668,11.402345249836884,144.9830963035,149.32248821096002,154.75007633551,173.9294213133,190.598109940995,196.468823590718,199.5095383105,1.0,0.985,0.3025,0.0
w4a_c1_uncarved,s163,4,bound,dplus,1,400,152.7437831447937,12.8730876122472,125.2301686172,126.777121308481,132.58504935694,152.3137603937,176.883606436405,184.863947932938,192.7497189987,1.0,0.565,0.0325,0.0
w4a_c1_uncarved,s163,4,bound,dplus,2,400,85.13050953478523,28.451105158194107,12.4637756931,21.561360988315002,39.325873117875005,84.3148751195,130.74232977471496,143.45097542168998,150.6925842593,0.115,0.005,0.0,0.0
w4a_c1_uncarved,s163,4,bound,dplus,3,400,73.37490714566454,23.093107567169024,8.3166527247,23.31204066082,35.123386711274996,74.44095064535,109.45298588382498,122.51654207654097,139.1280906589,0.0125,0.0,0.0,0.0
w4a_c1_uncarved,s163,4,bound,dplus,4,400,68.370722914106,20.15119144514983,13.0575555688,24.054228160844,33.719321373084995,71.4561797921,96.79891028319,109.32350683774798,127.8364507328,0.005,0.0,0.0,0.0
w4a_c1_uncarved,s163,4,bound,dplus,5,400,65.49506307914174,19.014382139820427,12.6411627629,21.671658401004,32.46033998563,68.09796247610001,94.57288928054999,101.905811577464,112.3754826279,0.0,0.0,0.0,0.0
w4a_c1_uncarved,s163,4,bound,dplus,6,400,39.105446343211995,16.652036599816824,5.6203692639,10.672857164204,16.401862004020003,36.817153142950005,69.75559796243499,78.15674294928199,82.882707935,0.0,0.0,0.0,0.0
w4a_c1_uncarved,s163,4,bound,dplus,7,400,24.334205642027992,10.490423097014764,2.8792722275,6.122990858075,9.6662882409,22.9856297801,41.803690397914956,48.458076900124,85.145793499,0.0,0.0,0.0,0.0
w4a_c1_uncarved,s163,4,bound,dplus,8,400,13.730806218694001,8.182488466530296,-3.9081172323,-1.4827691802449998,3.9463954947600004,13.1397137906,23.516483926824996,27.996814501715992,126.1713014109,0.0025,0.0,0.0,0.0175
w4a_c1_uncarved,s163,4,bound,dplus,9,400,7.7070153785255,5.684744703133092,-9.9766222514,-5.515916288266,-1.6028322180049994,7.35316085085,17.44573822900999,21.055453065271,25.1068056883,0.0,0.0,0.0,0.095
w4a_c1_uncarved,s163,4,bound,dplus,10,400,3.1703667430994993,4.873926793029324,-13.0500866396,-7.878114543465,-4.391450316705,2.8895420053,11.10629780117999,15.144729176628,16.9563366396,0.0,0.0,0.0,0.245
w4a_c1_uncarved,s163,4,bound,dplus,11,400,-1.377994107015746,5.0846840604191925,-16.3121414914,-12.24133230764,-9.506079708425,-1.5768776888,7.439240260544998,11.140356118509994,16.3009380975,0.0,0.0,0.0,0.63
w4a_c1_uncarved,s163,4,bound,dminus,0,400,0.5648704514219999,4.6277562004722785,-11.3957188098,-9.093832158236,-7.001280921329999,0.49668379544999997,7.860207785614994,12.756016222520993,16.7360032266,0.0,0.0,0.0,0.45
w4a_c1_uncarved,s163,4,bound,dminus,1,400,4.986485906128248,4.952285377046748,-8.7573195507,-4.695771839174,-2.4891140356149997,5.055531489,12.878114543485,17.922461310948997,20.7188097514,0.0,0.0,0.0,0.1575
w4a_c1_uncarved,s163,4,bound,dminus,2,400,9.308412161658,5.3548425637482255,-4.5355072897,-2.053040601107,1.19232119386,8.84694670175,17.93075182238,23.604953393873,33.9873625717,0.0,0.0,0.0,0.0225
w4a_c1_uncarved,s163,4,bound,dminus,3,400,14.521414353788007,6.481812179066526,-0.6591330067,1.5582240379530001,4.633443624560001,13.800714029649999,25.23359076244999,32.092980700290994,37.6602085325,0.0,0.0,0.0,0.0025
w4a_c1_uncarved,s163,4,bound,dminus,4,400,24.053658654995758,10.1375931493625,0.5993815727,6.4260239901739995,10.881109584115,22.58324121655,42.260135336969995,53.03326287639,73.372893762,0.0,0.0,0.0,0.0
w4a_c1_uncarved,s163,4,bound,dminus,5,400,35.85125682967776,14.999966084602868,5.2693295889,12.148605550873,16.75215478605,32.4384933676,64.78175788720998,78.92124387548999,100.731430484,0.0,0.0,0.0,0.0
w4a_c1_uncarved,s163,4,bound,dminus,6,400,63.91040066944524,19.69571027775111,10.1129302103,15.866825256953,29.071593421375,65.18694729925,91.88034028441498,101.491057135069,110.1594478672,0.0,0.0,0.0,0.0
w4a_c1_uncarved,s163,4,bound,dminus,7,400,65.47946761022271,21.085251859514937,12.5216598948,20.449405473243,29.730726428095,65.9637159417,98.51769762784998,109.388385501932,112.9634263256,0.0,0.0,0.0,0.0
w4a_c1_uncarved,s163,4,bound,dminus,8,400,70.51587567541152,22.687081644033455,9.9280742113,20.331564441916,27.532433825265002,72.8285955425,107.32464561970497,119.958239122149,129.2505211752,0.01,0.0,0.0,0.0
w4a_c1_uncarved,s163,4,bound,dminus,9,400,78.92452002592097,26.62719582534992,15.9555001195,21.732772914629,34.76907937975,80.62242321945,123.40554075425,133.17812878521698,138.6826993054,0.0775,0.0,0.0,0.0
w4a_c1_uncarved,s163,4,bound,dminus,10,400,152.21350710354716,24.147287365102446,13.6905473231,21.762592614769,123.79328061147001,154.5605214927,179.40803464711,184.66620621075,187.5344596028,0.955,0.695,0.045,0.0
w4a_c1_uncarved,s163,4,bound,dminus,11,400,171.54606984667586,18.63403510572498,50.0642327916,87.06801580426,146.714709616425,174.7987010689,191.76594716653997,197.452368037882,199.2039596831,0.9775,0.935,0.3325,0.0
w4a_c1_uncarved,s199,5,bound,dplus,0,400,175.76278150099594,13.25031697120351,118.3782723301,136.108098231728,152.77849647401,178.183739151,193.391595402195,196.42439413132303,198.4663121502,0.9975,0.9575,0.44,0.0
w4a_c1_uncarved,s199,5,bound,dplus,1,400,139.6893367610408,29.231630591251648,18.6648542065,45.60515132054,82.589645823355,142.14933725190002,180.77213376657997,192.226619659241,198.3505044754,0.8125,0.4125,0.055,0.0
w4a_c1_uncarved,s199,5,bound,dplus,2,400,95.28118493061551,27.989604035257102,19.2287583652,34.16978183257,46.458887278965,98.1487325227,131.615534152355,139.02413108635702,149.7947028709,0.2525,0.0,0.0,0.0
w4a_c1_uncarved,s199,5,bound,dplus,3,400,74.8169132941222,20.45950129340387,19.0644419216,27.389861302032998,40.469319505875006,74.82093242114999,108.52635021694493,119.69761621142199,128.0589113506,0.01,0.0,0.0,0.0
w4a_c1_uncarved,s199,5,bound,dplus,4,400,69.9819744089395,19.51441318755412,13.7241575048,19.900896644985,33.389988273765,72.68855311905,97.18645434994497,111.761202355349,116.2404494126,0.0,0.0,0.0,0.0
w4a_c1_uncarved,s199,5,bound,dplus,5,400,69.06347108042375,19.25877522305668,13.4534088193,22.678479400669,33.620544783665,71.40343047925,95.59986705306501,104.92636814733298,112.2071371905,0.0,0.0,0.0,0.0
w4a_c1_uncarved,s199,5,bound,dplus,6,400,40.349030066176,16.498426196000818,8.3736033102,11.32959077732,16.50446641969,38.6330365679,69.06929672559497,81.44944841958598,91.981730999,0.0,0.0,0.0,0.0
w4a_c1_uncarved,s199,5,bound,dplus,7,400,24.57960198076075,10.93196152740948,2.9324883485,6.580425430189001,9.925226681995,22.331164854199997,44.06308817812997,53.30717652067399,75.1364946821,0.0,0.0,0.0,0.0
w4a_c1_uncarved,s199,5,bound,dplus,8,400,11.926995417811499,6.788454789026005,-6.7127001673,-1.687548548025,1.4955130407749997,11.6547972933,22.90627240677999,31.104019777767,37.014146152,0.0,0.0,0.0,0.025
w4a_c1_uncarved,s199,5,bound,dplus,9,400,6.433420564200997,5.402473592634216,-8.3213208054,-5.790296740575,-2.0928873387099998,6.25382782625,15.089057645205,23.141935797086,26.3513160253,0.0,0.0,0.0,0.1175
w4a_c1_uncarved,s199,5,bound,dplus,10,400,1.3789463954947494,5.0891520602047295,-12.8521600143,-9.738578139894,-6.506370996665,1.3042617710000002,9.269968182329992,13.377029681566993,18.8543782863,0.0,0.0,0.0,0.41
w4a_c1_uncarved,s199,5,bound,dplus,11,400,-2.761410189860249,4.828536928263508,-21.1361361735,-13.316830111782,-10.137577676820001,-2.8143859046,5.311622400845001,7.975733448812994,9.6750642328,0.0,0.0,0.0,0.715
w4a_c1_uncarved,s199,5,bound,dminus,0,400,2.9446206904239993,4.842205959317531,-13.0640908819,-9.364748894557998,-4.890421471689999,3.15515580185,10.510090523389996,13.552950973914994,19.7067698375,0.0,0.0,0.0,0.2525
w4a_c1_uncarved,s199,5,bound,dminus,1,400,6.923694085762251,7.5191192623106975,-7.163636771,-4.3513515027739995,-1.4260986794499995,6.778520106349999,14.524499955154997,17.691512682211997,120.118655158,0.0025,0.0,0.0,0.0925
w4a_c1_uncarved,s199,5,bound,dminus,2,400,11.050691388720999,7.735133606371861,-4.3366470483,0.19077512549600012,2.2310158490450003,10.829013802550001,20.254475755879984,24.765120847287985,119.3029805601,0.0,0.0,0.0,0.01
w4a_c1_uncarved,s199,5,bound,dminus,3,400,16.442660217195495,8.602137602142838,-0.9476203991,1.80055344763,6.325622908745,15.449480162499999,29.192590075324986,34.858155697285,124.2565163714,0.0025,0.0,0.0,0.0025
w4a_c1_uncarved,s199,5,bound,dminus,4,400,27.6996935851185,11.395706721809793,6.5119726936,10.158621385019998,13.22887413361,25.9825376434,47.92321753999498,60.289785118902984,119.2704341667,0.0,0.0,0.0,0.0
w4a_c1_uncarved,s199,5,bound,dminus,5,400,41.66637889713202,17.007897312735846,8.3157191085,13.041151932979002,18.9801830635,39.619402037499995,71.47765296363498,88.8139246983,118.0558012047,0.0,0.0,0.0,0.0
w4a_c1_uncarved,s199,5,bound,dminus,6,400,69.77806082968225,18.111920186108573,18.4575914197,27.466912643404,36.594485689529996,71.3730879541,95.428968615525,120.12974281846695,128.5681327901,0.0125,0.0,0.0,0.0
w4a_c1_uncarved,s199,5,bound,dminus,7,400,73.78579143327825,20.822864210418008,17.1290556286,24.019226891143,35.786020778545,74.03436080905,108.57344531554487,124.73985528142998,128.2264221798,0.035,0.0,0.0,0.0
w4a_c1_uncarved,s199,5,bound,dminus,8,400,84.12585496573006,27.048447741950916,11.9260127868,30.732151126363,41.430477339244995,81.68487840585,128.85776733648498,131.704976005642,139.6029580199,0.1725,0.0,0.0,0.0
w4a_c1_uncarved,s199,5,bound,dminus,9,400,130.20337994877116,16.670521468102862,40.908259142,59.001824285961995,95.127830724215,131.2901694549,149.45854250253498,158.22557751367498,183.9351144719,0.93,0.045,0.0025,0.0
w4a_c1_uncarved,s199,5,bound,dminus,10,400,145.6205470442507,13.063862004064854,97.453655294,123.159021808574,126.92244498831,145.69654058679998,166.39465394743496,182.12352138125698,194.2511561442,0.9925,0.375,0.015,0.0
w4a_c1_uncarved,s199,5,bound,dminus,11,400,169.02868257424407,15.053643186271255,126.247256883,129.33575222566498,143.34980850333,171.2739736751,190.68697477049497,195.205753352497,198.7265185794,1.0,0.885,0.2575,0.0
w4a_c1_uncarved,s7,0,free,dplus,0,400,169.40916278947833,14.701948172128546,125.489178641,131.772097942839,145.394019947625,169.1509179616,193.09271230645498,196.21056213908403,198.0814794409,1.0,0.9125,0.26,0.0
w4a_c1_uncarved,s7,0,free,dplus,1,400,146.01408740819917,10.575267440398315,123.2512216983,128.579103476305,131.16903472016,145.2891741419,164.55232911553992,180.58311559748896,188.7491787107,1.0,0.305,0.0125,0.0
w4a_c1_uncarved,s7,0,free,dplus,2,400,135.82466875575298,9.595572249069075,45.9372992725,98.424172629386,126.29656172398,136.02603662445,148.92798372064,152.31105836343,154.2471573824,0.98,0.025,0.0,0.0
w4a_c1_uncarved,s7,0,free,dplus,3,400,86.9275606517895,30.19989640867135,10.2125937351,25.257082878944,39.53836415514,84.5448948001,132.980853505195,137.158922107918,142.6704405257,0.235,0.0,0.0,0.0
w4a_c1_uncarved,s7,0,free,dplus,4,400,73.22050184447373,22.574157953855437,15.1438375732,26.222138559818003,38.73034854696,72.33220350215001,126.06877265719,129.716204638563,135.1054960578,0.0625,0.0,0.0,0.0
w4a_c1_uncarved,s7,0,free,dplus,5,400,69.50354895616141,18.870875367097323,17.0138707352,22.021874159745998,39.25668632552,70.82674744935,95.17330950124996,125.940120502589,128.1277910608,0.02,0.0,0.0,0.0
w4a_c1_uncarved,s7,0,free,dplus,6,400,45.49051492325529,19.982466400020712,7.3165164167,15.510342599748,20.296704381605,42.57733142625,72.43225214359994,126.308995045585,128.1548543785,0.025,0.0,0.0,0.0
w4a_c1_uncarved,s7,0,free,dplus,7,400,27.510600457377517,16.468417427912755,0.9800635606,7.266862041403,12.11717652997,23.8787503361,48.58441617243497,124.037987558426,130.4500447957,0.015,0.0,0.0,0.0
w4a_c1_uncarved,s7,0,free,dplus,8,400,15.6989495552225,15.940090805517173,-4.245736175,0.8227410690250001,5.3560508597,13.47616571315,27.426118285424984,124.000210931127,128.8810451576,0.0175,0.0,0.0,0.0075
w4a_c1_uncarved,s7,0,free,dplus,9,400,8.589389746998496,7.953296073705534,-6.1894083114,-2.8534950854889995,0.4855562578300002,7.8641989947,17.407798402399976,23.166564591262997,127.3087265358,0.0025,0.0,0.0,0.045
w4a_c1_uncarved,s7,0,free,dplus,10,400,3.5659533570705015,7.820602353805911,-12.2423919619,-6.881845740458,-4.077276809744999,3.0501239842,11.111129264754991,15.497574231801,127.1120841946,0.0025,0.0,0.0,0.255
w4a_c1_uncarved,s7,0,free,dplus,11,400,0.7498010070957514,9.887901918712016,-13.2218720124,-12.186523204064999,-7.676285402735,-0.0292922069,8.22287098171498,12.003645304274986,124.5170102406,0.005,0.0,0.0,0.5025
w4a_c1_uncarved,s7,0,free,dminus,0,400,0.6372230777787508,4.602796461225064,-12.1543986392,-10.428047836631999,-6.765169395324999,0.51162165395,8.39191385708499,11.538039256724,15.577152172,0.0,0.0,0.0,0.44
w4a_c1_uncarved,s7,0,free,dminus,1,400,3.9277077085865,4.657799245099742,-9.0427726906,-6.927443553561,-3.61670061916,3.99675241615,11.603045782624994,14.594843264510999,16.6384403382,0.0,0.0,0.0,0.215
w4a_c1_uncarved,s7,0,free,dminus,2,400,8.203252205203746,5.24673486214469,-5.6584141223,-3.3321600890269996,-0.25031999697499996,8.0851742688,16.553055305514995,20.836901692088983,24.545118868,0.0,0.0,0.0,0.0575
w4a_c1_uncarved,s7,0,free,dminus,3,400,13.094232679555747,6.225385196203466,-1.3191996295,0.43668028505900003,3.9031223858800006,12.325483799850002,23.80001148346,28.398009203591993,32.1364685409,0.0,0.0,0.0,0.0075
w4a_c1_uncarved,s7,0,free,dminus,4,400,24.17026877175423,10.110007504912739,4.0606467719,6.400763838057999,10.030141797594998,23.0105456613,42.689126125899975,51.02331449611599,58.0200428717,0.0,0.0,0.0,0.0
w4a_c1_uncarved,s7,0,free,dminus,5,400,39.86615474547948,17.136958387473285,6.9860162972,10.276636302319002,17.25792383372,36.4631959175,73.178211452845,86.06496077874598,91.1928253466,0.0,0.0,0.0,0.0
w4a_c1_uncarved,s7,0,free,dminus,6,400,64.7591012656427,18.413030355935444,11.9639409432,23.101800805489,33.043850083675004,65.638175658,93.449819065165,100.11833176525498,107.9007557249,0.0,0.0,0.0,0.0
w4a_c1_uncarved,s7,0,free,dminus,7,400,69.02747062297271,19.074429030627066,12.3005095677,24.204974493648,36.224983755085006,71.23794701540001,96.94994020186496,109.689118300365,123.1197378053,0.005,0.0,0.0,0.0
w4a_c1_uncarved,s7,0,free,dminus,8,400,70.97984178077694,22.532507939550147,10.5341077991,20.972042630801,32.25959500668,72.00753848369999,105.79226355921496,120.489348022553,123.177726199,0.0125,0.0,0.0,0.0
w4a_c1_uncarved,s7,0,free,dminus,9,400,84.57265741742451,28.03844306882901,12.7500457472,25.438873115961,35.49453414423,83.71228424130001,127.19914121497997,136.282762328527,143.1096725708,0.14,0.0,0.0,0.0
w4a_c1_uncarved,s7,0,free,dminus,10,400,146.77363976666356,18.420880927223376,40.7204855924,79.701709637947,122.84784150706501,148.19991589055,173.69158585815998,182.09095796239694,195.3044110765,0.9675,0.4725,0.0125,0.0
w4a_c1_uncarved,s7,0,free,dminus,11,400,167.43629150527525,20.767162077128486,14.773191959,125.46651629594601,130.14438614386,170.43206350719998,193.34148502014,197.324002555399,199.4433922243,0.9925,0.8475,0.3,0.0
w4a_c1_uncarved,s23,1,free,dplus,0,400,171.76879389025984,12.37009972518667,121.4140665518,142.874765528452,151.77917146412,172.20244164125,191.00448650650998,195.49274013071798,198.1472548755,1.0,0.96,0.2875,0.0
w4a_c1_uncarved,s23,1,free,dplus,1,400,148.2645931989507,12.623881391380511,124.9153707139,129.90690571584798,132.50445610645,145.51174850220002,173.68074567313,184.656756832086,197.2047987473,1.0,0.3775,0.0225,0.0
w4a_c1_uncarved,s23,1,free,dplus,2,400,137.1703785202047,7.454680161266975,122.5942275042,124.966975841928,127.648706078965,135.65082742890002,151.938307538145,158.71377705538896,165.5634748095,1.0,0.0725,0.0,0.0
w4a_c1_uncarved,s23,1,free,dplus,3,400,99.795253370052,32.778680258778515,25.2036683646,35.302342256207,44.559118442270005,100.16310847150001,136.373827222555,143.91023393182795,148.8241339064,0.4575,0.0,0.0,0.0
w4a_c1_uncarved,s23,1,free,dplus,4,400,83.38023688903449,30.614720029188533,16.7407880094,27.016577055093,39.48856156827001,76.3478616456,131.33099551546997,135.091481174981,139.5743466016,0.2475,0.0,0.0,0.0
w4a_c1_uncarved,s23,1,free,dplus,5,400,80.14994531204519,28.551179311972838,13.8759868323,25.602008535070002,41.20198645507,75.3946395495,128.73754109851,130.70208870282,133.6216003513,0.2075,0.0,0.0,0.0
w4a_c1_uncarved,s23,1,free,dplus,6,400,57.052161515816,37.38817263472999,8.6149430868,11.819989002047,16.838595972015,44.4948039593,128.591393484185,131.521798967797,135.87536283,0.195,0.0,0.0,0.0
w4a_c1_uncarved,s23,1,free,dplus,7,400,38.730164241563266,36.00926462571486,5.7136141775,7.795866461153,10.01038414566,25.74061435675,127.464768556675,131.55971996942398,134.3169048181,0.1325,0.0,0.0,0.0
w4a_c1_uncarved,s23,1,free,dplus,8,400,23.345609899002266,29.398251229389814,-5.4776426939,2.2917324087660003,5.37184064292,15.516058664700001,123.57210036190499,128.51692534998,131.648208484,0.0725,0.0,0.0,0.005
w4a_c1_uncarved,s23,1,free,dplus,9,400,16.297232065063998,30.039125657950702,-6.6582003242,-3.8449837737199997,-0.4427849676949999,8.4407069715,122.79061748830995,130.300886691259,132.6520433237,0.0625,0.0,0.0,0.065
w4a_c1_uncarved,s23,1,free,dplus,10,400,10.021043541781246,26.594522818549276,-13.2878086535,-7.2112698673210005,-3.6003039854449987,4.5661415698,24.276920121654772,129.30870474872998,133.2846578665,0.0475,0.0,0.0,0.18
w4a_c1_uncarved,s23,1,free,dplus,11,400,4.089382137335503,21.986094592550913,-10.2380347753,-9.370104350232998,-7.270279076539999,0.1857312642,9.96877404057999,127.01626960961498,131.5621814495,0.03,0.0,0.0,0.4775
w4a_c1_uncarved,s23,1,free,dminus,0,400,0.8144167139717509,4.730165989519108,-14.2161732194,-10.267919828559,-6.96837095188,0.6048082165499999,8.475729247609992,10.459775614714998,13.7346606865,0.0,0.0,0.0,0.455
w4a_c1_uncarved,s23,1,free,dminus,1,400,4.36906453528525,5.080304459024919,-9.3781742949,-6.859038664754,-3.5971063500499993,4.42038074735,12.145424253864995,17.036610123726998,25.2064692131,0.0,0.0,0.0,0.2125
w4a_c1_uncarved,s23,1,free,dminus,2,400,8.561709752277006,5.356462337286098,-7.2132351294,-2.7853002603209998,-0.07090231197499974,8.55595021585,16.883345361439993,20.88209338217698,27.7531406848,0.0,0.0,0.0,0.0525
w4a_c1_uncarved,s23,1,free,dminus,3,400,14.31905713637726,6.97664448973775,-0.8128295665,1.2794089089440002,4.076810001605,13.43689548355,28.571782011795,35.875726119998,39.3858812963,0.0,0.0,0.0,0.0025
w4a_c1_uncarved,s23,1,free,dminus,4,400,25.52065322321499,11.598331694146388,3.2446662509,6.376086029036,10.801938934035,23.564938605400002,48.28231548947992,60.069647765259994,72.0337380871,0.0,0.0,0.0,0.0
w4a_c1_uncarved,s23,1,free,dminus,5,400,41.36990079893998,16.24542820926532,10.146890498,14.00535452211,18.714044107765,38.6521756991,71.03760465834499,80.37519115787798,104.7140288327,0.0,0.0,0.0,0.0
w4a_c1_uncarved,s23,1,free,dminus,6,400,66.74540999248798,18.22846770461899,16.3392163599,24.175133787234003,35.13576879557,68.0205890371,94.14095176568999,107.04871437441598,127.1133886905,0.0025,0.0,0.0,0.0
w4a_c1_uncarved,s23,1,free,dminus,7,400,69.19674942365174,19.436553461591007,12.433316466,24.893715969679004,34.93976775366,72.01594102909999,97.10202043867994,109.371406194706,116.4865547997,0.0,0.0,0.0,0.0
w4a_c1_uncarved,s23,1,free,dminus,8,400,74.86966020939798,22.38362658539683,17.8226157311,27.250482912934004,39.149699749005,75.11245406605,113.92360463008498,122.21270691176699,127.1964073136,0.0225,0.0,0.0,0.0
w4a_c1_uncarved,s23,1,free,dminus,9,400,96.86865671041568,28.234483062320493,19.3462772989,34.131082275902,46.24040359292,97.983832569,134.480120456775,143.00783599826897,149.1587383285,0.2775,0.0,0.0,0.0
w4a_c1_uncarved,s23,1,free,dminus,10,400,135.61235529236947,27.419106380639192,28.8523570073,41.989383150481,71.07467505493,139.57116870215,169.73720399383,183.00343681585,194.1046997243,0.855,0.27,0.0175,0.0
w4a_c1_uncarved,s23,1,free,dminus,11,400,169.4090809977565,16.894359243738492,39.8169785567,126.802850853402,134.19393893926502,171.908994023,191.752676852545,196.21369324952298,198.9352896907,0.9925,0.8975,0.2625,0.0
w4a_c1_uncarved,s101,2,free,dplus,0,400,170.70309794598452,13.179440386740703,115.455067098,134.564562736877,148.061014806005,171.8940553648,190.90562110684,195.316217458467,199.3900532423,0.995,0.9375,0.2275,0.0
w4a_c1_uncarved,s101,2,free,dplus,1,400,135.6533856407971,25.97062519204932,20.4284551267,46.928006057274,73.15809202465499,140.63607087275,166.79385885084497,180.573242626342,189.0001262749,0.845,0.2575,0.015,0.0
w4a_c1_uncarved,s101,2,free,dplus,2,400,84.46811294014444,30.406227902421307,18.584446515,26.340773164843,39.11225007097,80.6360190047,136.43020876563997,145.30204586053398,149.1472650831,0.1725,0.0,0.0,0.0
w4a_c1_uncarved,s101,2,free,dplus,3,400,69.76063119761768,19.915799819237083,16.7127795247,23.283805774193002,34.141420907775,71.8641700526,102.14284774896498,110.61091534363399,113.6201603283,0.0,0.0,0.0,0.0
w4a_c1_uncarved,s101,2,free,dplus,4,400,66.19252256152751,18.488435571449756,18.8218184229,25.707363617399,35.22318444338,66.6794494279,93.86977711778997,107.46390729228399,119.139762826,0.0,0.0,0.0,0.0
w4a_c1_uncarved,s101,2,free,dplus,5,400,63.80374213888749,17.899756621416298,16.9125733822,23.237789000889002,34.03428845376,63.793641887250004,94.36255139553,103.49303769435699,112.5765645926,0.0,0.0,0.0,0.0
w4a_c1_uncarved,s101,2,free,dplus,6,400,36.59877478050651,15.711037841407839,8.2874772198,10.012055318617,13.99363997335,35.710292838049995,65.569023876285,79.694173021449,85.3465209728,0.0,0.0,0.0,0.0
w4a_c1_uncarved,s101,2,free,dplus,7,400,21.727107906889987,9.856139191960724,3.5119138758,5.311592058269,8.927447754794999,20.16324978715,40.03962850483498,50.66198287003599,63.5260441563,0.0,0.0,0.0,0.0
w4a_c1_uncarved,s101,2,free,dplus,8,400,13.490874835681243,6.161894830527719,-3.8868774647,-1.290612302797,4.264180929205,13.0256959175,23.855450777854994,28.666281472219993,35.031378839,0.0,0.0,0.0,0.015
w4a_c1_uncarved,s101,2,free,dplus,9,400,8.37200974415375,5.242950154773336,-5.555833047,-3.016538310039,-0.021408985464999877,8.279891588449999,16.890189934859983,21.421242708478996,27.2834150559,0.0,0.0,0.0,0.0525
w4a_c1_uncarved,s101,2,free,dplus,10,400,4.37968587784275,4.774232616931739,-8.4370892089,-6.541771387275,-3.4460881016099996,4.2358748544000004,12.415145961574988,14.904275168461993,17.6103347574,0.0,0.0,0.0,0.1825
w4a_c1_uncarved,s101,2,free,dplus,11,400,0.7493938497104993,4.878028392257339,-13.2694864364,-10.658127035292,-7.09084972139,0.33429293515,8.838765890169997,11.500050415229996,12.7442106462,0.0,0.0,0.0,0.4675
w4a_c1_uncarved,s101,2,free,dminus,0,400,-0.07571043521100003,4.841099512321332,-13.5000896272,-11.129118881112001,-7.581196597199998,-0.20965517820000001,8.12006817265,10.891436545798,17.2953560065,0.0,0.0,0.0,0.5125
w4a_c1_uncarved,s101,2,free,dminus,1,400,3.3271672848760017,5.167294770329515,-12.7747865753,-8.913389829557,-4.965402519259998,2.92647819445,12.328033739014998,16.32862215058,19.4949556719,0.0,0.0,0.0,0.25
w4a_c1_uncarved,s101,2,free,dminus,2,400,7.759921072093242,5.27439852730694,-5.9381488632,-2.4669873327049996,-0.23491533032499978,7.437361358,16.050775648339997,22.87152087936199,30.893008522,0.0,0.0,0.0,0.06
w4a_c1_uncarved,s101,2,free,dminus,3,400,12.94736552192825,5.876989124840522,-1.0650226309,1.7529611970480001,4.683958093665001,12.667945876400001,23.148073156264985,28.624332931232995,38.1887519793,0.0,0.0,0.0,0.005
w4a_c1_uncarved,s101,2,free,dminus,4,400,23.813158257741733,10.834656331757154,-0.7922900111,3.963013862342,9.323563584885001,21.8385656295,43.36978482010497,57.36533753954298,68.6626835489,0.0,0.0,0.0,0.0025
w4a_c1_uncarved,s101,2,free,dminus,5,400,39.88640254587773,16.95762754071741,3.6197465419,9.848842876095,15.556291685955003,38.5073484928,70.47726574635,85.713887260289,91.9969022616,0.0,0.0,0.0,0.0
w4a_c1_uncarved,s101,2,free,dminus,6,400,67.64873538192226,19.585440908686,12.4523388952,20.245662419309998,31.521443062505,70.1488837685,94.74155870949997,102.59769856503196,117.3815969364,0.0,0.0,0.0,0.0
w4a_c1_uncarved,s101,2,free,dminus,7,400,69.46119802569548,19.923946755634134,6.4466195626,23.17157694307,34.114200161694995,70.7824590329,99.85786374656996,108.60494969313501,125.5023751229,0.0025,0.0,0.0,0.0
w4a_c1_uncarved,s101,2,free,dminus,8,400,72.49084832231229,22.236856236305393,14.8988800341,18.588564929259,36.03701764718,70.6489519225,108.22586958745494,119.37688452521598,139.9179408607,0.01,0.0,0.0,0.0
w4a_c1_uncarved,s101,2,free,dminus,9,400,92.44662305744232,28.61660686682887,12.7617159492,24.244095344633,40.574281302325,92.88908920144999,129.89937641092,140.073589182458,151.5184309681,0.225,0.0025,0.0,0.0
w4a_c1_uncarved,s101,2,free,dminus,10,400,136.59974464800823,26.498680796894316,14.6844984241,30.500385583484,75.87479250381,141.99412764854998,164.27475679880496,178.96060219772897,193.8431277708,0.8625,0.2575,0.01,0.0
w4a_c1_uncarved,s101,2,free,dminus,11,400,166.8241086679738,21.324187967122082,24.0715420725,57.689403876715005,132.69238077850002,169.9570085036,190.21510287469,195.69531046826899,198.4306181932,0.97,0.905,0.22,0.0
w4a_c1_uncarved,s127,3,free,dplus,0,400,171.99183886083821,15.034379039066497,124.8413599811,127.40306479491,141.64673256148004,174.7437492843,192.37178534990997,194.80525496130903,196.6434509559,1.0,0.935,0.3225,0.0
w4a_c1_uncarved,s127,3,free,dplus,1,400,148.04701731006062,13.815742047179263,124.9834078444,126.088908002227,128.492844721605,146.8303916881,175.35059370253998,189.076272430013,196.5021565598,1.0,0.3925,0.025,0.0
w4a_c1_uncarved,s127,3,free,dplus,2,400,131.30374511791163,9.827110571591273,38.8893142029,93.65312915456201,123.91520943689001,131.14983878885,143.29829508467995,149.800081083013,152.8210450887,0.9825,0.01,0.0,0.0
w4a_c1_uncarved,s127,3,free,dplus,3,400,77.28122767268275,26.526372323153918,16.0849226592,27.347791390896,37.161960930045005,75.2779958809,127.85377014374498,133.797528396595,137.0760122179,0.11,0.0,0.0,0.0
w4a_c1_uncarved,s127,3,free,dplus,4,400,73.72586930538927,23.64928086816345,17.9243798921,25.882358295772,36.39798866406,73.1956817452,126.16799384065999,129.46751889203398,135.5388589516,0.0825,0.0,0.0,0.0
w4a_c1_uncarved,s127,3,free,dplus,5,400,68.18881555005697,19.31686040567291,15.8366974636,23.020013696107,34.728548768375,71.42665418109999,95.417975285325,109.05675066205994,125.4200168887,0.0075,0.0,0.0,0.0
w4a_c1_uncarved,s127,3,free,dplus,6,400,39.796555338790256,17.6988235468261,9.449829335,11.314650584836,15.002056289565001,38.1474978153,69.004427908,86.36232919495889,126.521276748,0.005,0.0,0.0,0.0
w4a_c1_uncarved,s127,3,free,dplus,7,400,24.37436054060026,12.878478714414845,2.477000366,5.327050407828,9.72493684085,22.182719885300003,43.960950570585005,65.06986949910194,125.1955343056,0.005,0.0,0.0,0.0
w4a_c1_uncarved,s127,3,free,dplus,8,400,14.2735542923395,11.669357660441031,-1.8720170964,0.3694284122240001,4.316486774385,12.88431142075,24.826283208709988,32.057715683988995,130.2126002675,0.0075,0.0,0.0,0.0075
w4a_c1_uncarved,s127,3,free,dplus,9,400,9.019864878405249,11.3948317587863,-9.3704719616,-4.02140805189,-0.09686851133499955,8.142066503350001,17.029362928379996,25.65823556819698,126.4609385341,0.0075,0.0,0.0,0.0625
w4a_c1_uncarved,s127,3,free,dplus,10,400,4.51474693352375,11.51708167570287,-8.0068088626,-6.303546387637001,-3.7981314139799998,3.043005161,12.388730459384997,20.429513614019985,126.3362548551,0.0075,0.0,0.0,0.2125
w4a_c1_uncarved,s127,3,free,dplus,11,400,0.7992691323280002,13.279252469845831,-18.2076156937,-12.432597581526002,-8.671146779374999,-0.5073036792,7.958313338339997,15.530085365339064,125.7979034392,0.0075,0.0,0.0,0.535
w4a_c1_uncarved,s127,3,free,dminus,0,400,3.6046842515367494,21.47785557818956,-15.2703425624,-13.17573270199,-8.70440101987,0.2970066399,8.94130611967498,123.63291364923299,126.3817770536,0.0225,0.0,0.0,0.48
w4a_c1_uncarved,s127,3,free,dminus,1,400,9.3187009610355,24.745442402054213,-10.4158886532,-6.836984317094,-3.4416826004299996,4.4415621639000005,15.12706749299497,121.945037087397,124.6954135849,0.035,0.0,0.0,0.1825
w4a_c1_uncarved,s127,3,free,dminus,2,400,13.721770538905497,25.545880282290632,-6.1897584175,-3.029761815889,-0.3930815774899994,8.40307057015,32.43093116925586,124.982104995591,128.9671304249,0.0425,0.0,0.0,0.0625
w4a_c1_uncarved,s127,3,free,dminus,3,400,32.10958913996524,40.70043042121369,-0.2957229177,0.835673986875,5.161257683685,15.33674601155,124.616522915845,126.384338893549,127.0659388767,0.15,0.0,0.0,0.0025
w4a_c1_uncarved,s127,3,free,dminus,4,400,48.291149356984505,43.99880710021845,5.0654511607,7.112794369139,11.005298038295,26.4941009463,126.50253066023501,129.693104037906,134.3761770032,0.225,0.0,0.0,0.0
w4a_c1_uncarved,s127,3,free,dminus,5,400,65.42653333081978,44.189175316091514,8.0987700541,11.777365923407,15.97565455826,44.628719526750004,128.806242145245,131.69990268473498,135.0470483665,0.315,0.0,0.0,0.0
w4a_c1_uncarved,s127,3,free,dminus,6,400,104.90051860581445,29.70392017402122,15.4002319103,34.076480901923,47.19738349404,122.23289160315,129.6787161526,133.310024100409,142.9660823566,0.625,0.0,0.0,0.0
w4a_c1_uncarved,s127,3,free,dminus,7,400,126.2571166500632,7.344153400750482,35.7327579768,117.461657047733,121.084678934485,126.4808462679,134.00636611639,137.121675437559,140.7565092133,0.9775,0.0,0.0,0.0
w4a_c1_uncarved,s127,3,free,dminus,8,400,130.41287800424206,5.394516886706495,116.9889770566,120.476275014944,123.254482329775,129.9336314487,139.851956086195,145.843592596733,151.2576518056,0.9925,0.0025,0.0,0.0
w4a_c1_uncarved,s127,3,free,dminus,9,400,135.71504137683507,7.434697140371805,120.2369085934,123.37813238796599,125.77156427125499,134.89757314655,149.156379314615,155.95449241914,166.754565672,1.0,0.04,0.0,0.0
w4a_c1_uncarved,s127,3,free,dminus,10,400,147.84105560964133,12.17470583847865,121.1336025389,125.155131687757,128.47540701958,148.01751582695,169.00031501429999,183.660360185401,190.5747044136,1.0,0.405,0.0175,0.0
w4a_c1_uncarved,s127,3,free,dminus,11,400,171.48176992197568,12.833458391837462,130.616956783,139.57245641562,149.34560367121,172.36567370665,190.560930233705,195.98824351233898,198.1175085533,1.0,0.94,0.2875,0.0
w4a_c1_uncarved,s163,4,free,dplus,0,400,174.28226840780414,11.086088630141916,142.4700617617,147.615971107727,157.14539432498,175.7191083691,192.261315039005,195.06907157132198,197.830682662,1.0,0.985,0.3475,0.0
w4a_c1_uncarved,s163,4,free,dplus,1,400,145.03266788387654,13.74316242735147,68.5303434587,103.661080124292,126.62394090983001,144.83788799055,166.11791478327495,176.356105798851,187.2493750498,0.9725,0.3275,0.0075,0.0
w4a_c1_uncarved,s163,4,free,dplus,2,400,97.25007760624932,29.946863520997553,22.9645067146,35.900680512792995,47.16865729196,95.9239835721,143.43445355046495,150.97045622010796,166.9113629267,0.27,0.015,0.0,0.0
w4a_c1_uncarved,s163,4,free,dplus,3,400,73.80435763008926,23.12723116533083,14.8852258978,24.92840564505,33.313011621615,74.46434940025,112.95468340497499,131.02840255615902,140.1317037037,0.0225,0.0,0.0,0.0
w4a_c1_uncarved,s163,4,free,dplus,4,400,68.60300449750697,19.507983015450066,14.8743726099,25.699702129716,36.068130405665,68.7750092428,98.36867498390998,111.09816352634698,138.4948467054,0.005,0.0,0.0,0.0
w4a_c1_uncarved,s163,4,free,dplus,5,400,68.87927400086153,19.012250779254565,17.5378628032,23.835177303086,34.436857905465004,70.8652007648,96.13621786492499,105.67199986660097,123.0768436004,0.0025,0.0,0.0,0.0
w4a_c1_uncarved,s163,4,free,dplus,6,400,39.29885958469851,17.498646144728788,6.5119726936,10.847883352126999,15.975006862125,35.9934119376,67.73644295974499,79.12250467741498,181.8553834585,0.0025,0.0025,0.0025,0.0
w4a_c1_uncarved,s163,4,free,dplus,7,400,23.763399601967503,11.386592773275348,0.7290375164,5.489513623338,9.960173101799999,21.939746280450002,44.35518749809497,56.53723634683099,107.6568632991,0.0,0.0,0.0,0.0
w4a_c1_uncarved,s163,4,free,dplus,8,400,14.07956970382875,10.553640295644863,-4.3298783311,0.3884928540980001,3.7127347111,13.01892720035,24.961972646919996,30.484437085490995,178.3484574979,0.0025,0.0025,0.0,0.01
w4a_c1_uncarved,s163,4,free,dplus,9,400,7.420356414969994,5.086620720325548,-4.9342780906,-3.589240633997,-0.2544162377949999,7.4212564793,15.311398332949988,20.415683257647,33.530824271,0.0,0.0,0.0,0.06
w4a_c1_uncarved,s163,4,free,dplus,10,400,3.1242408533627493,4.917071415273151,-10.6927058437,-7.975082251547001,-4.733836536905,3.1430187918500003,11.08680272874,14.434358148218998,16.4276764908,0.0,0.0,0.0,0.2725
w4a_c1_uncarved,s163,4,free,dplus,11,400,-0.4997781494619998,4.740498909057674,-14.9827887861,-11.840353504392,-8.090005732404999,-0.4692004698,7.436544443824992,10.982626336959,13.2803397242,0.0,0.0,0.0,0.5575
w4a_c1_uncarved,s163,4,free,dminus,0,400,0.047666648148000215,4.777126810639435,-12.9475055644,-10.834731034535999,-7.7102515255699995,-0.04918990125,7.863183687159993,12.694124473482997,14.4263535567,0.0,0.0,0.0,0.505
w4a_c1_uncarved,s163,4,free,dminus,1,400,3.477240246978501,4.716809930178084,-10.7376361212,-6.889685782187,-3.7658399650899996,3.01709731265,11.549222811269985,14.679929540029999,18.4319169754,0.0,0.0,0.0,0.2375
w4a_c1_uncarved,s163,4,free,dminus,2,400,8.506327641855746,5.209595453643246,-4.191936544,-2.877659405616,0.8411648168450004,8.124444498399999,17.73441817974,23.063192276336995,25.6272966957,0.0,0.0,0.0,0.03
w4a_c1_uncarved,s163,4,free,dminus,3,400,14.092839899301753,6.368689566843756,-2.8450785358,0.6419976491950002,4.57323705263,13.646200555699998,24.869142025469998,32.323757776990995,35.7385930778,0.0,0.0,0.0,0.01
w4a_c1_uncarved,s163,4,free,dminus,4,400,25.378261004532245,10.764526222831295,5.7848024095,7.2067605013380005,10.63278519171,23.952330959450002,43.718449608975,54.53393297942,81.2194707517,0.0,0.0,0.0,0.0
w4a_c1_uncarved,s163,4,free,dminus,5,400,40.879560493160525,16.68778815534004,5.4998160776,10.026311637301,18.633671426819998,38.2637330269,71.598369532705,81.97330978134598,107.5528828203,0.0,0.0,0.0,0.0
w4a_c1_uncarved,s163,4,free,dminus,6,400,68.33973777615022,18.185994065237903,10.9408143374,24.630968374684,38.374559099749995,70.07110187245,94.57639617623497,102.14543059951897,114.9203099761,0.0,0.0,0.0,0.0
w4a_c1_uncarved,s163,4,free,dminus,7,400,70.99059880242955,19.252633839006812,17.6741707621,25.928918900501003,38.04578617018,72.6521420889,100.50385898234998,114.45806580628998,121.032185627,0.005,0.0,0.0,0.0
w4a_c1_uncarved,s163,4,free,dminus,8,400,75.49917160622604,20.877488035715892,16.5283903337,25.777552880059,39.45341675507001,77.02134900064999,109.36912489293499,125.24540454935098,129.5194967615,0.02,0.0,0.0,0.0
w4a_c1_uncarved,s163,4,free,dminus,9,400,97.85130470967599,31.089831957052006,27.3960325048,29.710756378441,44.25108929669501,96.6779369697,142.801525637595,147.35901155857098,155.5872354153,0.3025,0.0075,0.0,0.0
w4a_c1_uncarved,s163,4,free,dminus,10,400,147.27861920607538,22.992790564256314,29.4572235749,50.451769856122,116.86085573873503,150.95493774125,175.92521400782996,186.421890745652,196.2482718834,0.9425,0.5175,0.025,0.0
w4a_c1_uncarved,s163,4,free,dminus,11,400,174.558635235382,12.876325421729831,124.3932416453,133.941728218336,151.23052164581998,176.9688142328,192.26388498258498,195.526333382602,196.9265630296,1.0,0.96,0.365,0.0
w4a_c1_uncarved,s199,5,free,dplus,0,400,172.643441036493,12.469569683252281,132.6952370338,140.50607310329,152.741593934315,173.22686744269998,190.90377158409498,195.243745241809,199.5769176072,1.0,0.97,0.3175,0.0
w4a_c1_uncarved,s199,5,free,dplus,1,400,153.75173493256156,10.815304506340514,130.2932321575,132.068860654045,137.57443940681,152.42932902375,173.96008875838498,187.947813055785,189.5518343966,1.0,0.605,0.0225,0.0
w4a_c1_uncarved,s199,5,free,dplus,2,400,138.9521128446453,7.546934074706418,125.25110377,126.49877961885,128.1783176869,137.87592624665,152.87942094170998,156.58978318884598,164.7103160052,1.0,0.0875,0.0,0.0
w4a_c1_uncarved,s199,5,free,dplus,3,400,116.13092860205396,28.481706726748676,24.1259252136,34.259505846348006,53.56378208842501,129.5363466403,140.606116351795,143.66970805138297,146.6780411436,0.73,0.0,0.0,0.0
w4a_c1_uncarved,s199,5,free,dplus,4,400,88.07367493559774,31.5260158151275,23.7913405234,31.785792976249,42.35365450042001,81.53760045710001,132.83115979997498,139.43964773503998,145.0551560698,0.3025,0.0,0.0,0.0
w4a_c1_uncarved,s199,5,free,dplus,5,400,82.37634188540149,29.974986946407043,14.2987982493,25.965682370731002,37.56413359489,76.99030626345001,130.06071969824998,133.759901607253,142.9856898496,0.23,0.0,0.0,0.0
w4a_c1_uncarved,s199,5,free,dplus,6,400,40.55025972204776,22.894483417965734,8.0233805494,10.660072457912001,15.130323479325,35.3158400118,79.10673239947498,129.98081372263698,135.6822988444,0.03,0.0,0.0,0.0
w4a_c1_uncarved,s199,5,free,dplus,7,400,26.00256158164798,15.882485263720303,-3.078599277,5.903448684735,9.819331269395,23.89631399005,48.19888521558999,120.928534054738,138.1229900772,0.0125,0.0,0.0,0.0025
w4a_c1_uncarved,s199,5,free,dplus,8,400,15.625328548757748,14.871364708546249,-2.5892677088,-0.09540856910399996,3.9691523886050004,13.802114453849999,27.514537570625,121.75487770308295,147.5684478297,0.0125,0.0,0.0,0.015
w4a_c1_uncarved,s199,5,free,dplus,9,400,7.931267061834253,5.78251059499981,-5.2207815488,-3.5105029483529995,-0.9636961023199997,7.70700137425,17.473478299019998,24.332322071481993,39.8093929254,0.0,0.0,0.0,0.0775
w4a_c1_uncarved,s199,5,free,dplus,10,400,3.3727855706107492,7.894470179247208,-9.7694761666,-7.928546154207001,-4.843104637814999,2.9292206919500003,12.085404405135,17.023768233515995,123.9167917671,0.0025,0.0,0.0,0.275
w4a_c1_uncarved,s199,5,free,dplus,11,400,-0.5765354017889984,4.954500610064405,-18.8652315742,-12.673581416976,-8.787276959064998,-0.0735222723,6.871624977634995,10.451179343921,12.0098048369,0.0,0.0,0.0,0.5075
w4a_c1_uncarved,s199,5,free,dminus,0,400,0.8577607193154992,5.134260392758595,-15.3006850875,-11.151627199556,-7.458571950045,0.7140413069,9.167538819774975,12.233305542740998,13.9512596349,0.0,0.0,0.0,0.4475
w4a_c1_uncarved,s199,5,free,dminus,1,400,5.0315308434105015,5.167488638918863,-7.8085321313,-6.775697084526,-3.308321367504999,4.87557697475,13.623192752534989,17.512306227991992,25.7218253316,0.0,0.0,0.0,0.17
w4a_c1_uncarved,s199,5,free,dminus,2,400,9.128565888559503,5.315316452301624,-6.4825637847,-3.119173068186,0.8390933560100007,8.88061523435,18.054397612219997,23.133471399645995,31.9436768045,0.0,0.0,0.0,0.0425
w4a_c1_uncarved,s199,5,free,dminus,3,400,15.071960351663252,8.454699966116852,-1.7609167737,1.64696191964,5.51502818591,14.4436254556,26.995948806129995,32.406821606528986,124.4962517201,0.0025,0.0,0.0,0.0025
w4a_c1_uncarved,s199,5,free,dminus,4,400,25.146249161095255,11.753862915971006,2.393908528,6.70201376333,10.8915544149,23.57701726445,46.96659358007999,60.926346788022975,124.9085985837,0.0025,0.0,0.0,0.0
w4a_c1_uncarved,s199,5,free,dminus,5,400,39.12883746561824,16.25578246046639,-1.7715366575,12.387526094526,17.155476965825002,37.344004410400004,69.22117273388994,80.87132061874098,122.9889720416,0.0025,0.0,0.0,0.0025
w4a_c1_uncarved,s199,5,free,dminus,6,400,67.4442553280845,19.219262713041402,15.2991679613,19.890761074519,34.080648331115,68.86311926760001,96.138732793495,104.38203558025198,113.3229313714,0.0,0.0,0.0,0.0
w4a_c1_uncarved,s199,5,free,dminus,7,400,71.35408089753354,19.494840628899595,14.1682086894,21.167867452631,36.198404870100006,72.68195945495,99.76747706105,111.16661505016197,125.3386673517,0.0025,0.0,0.0,0.0
w4a_c1_uncarved,s199,5,free,dminus,8,400,76.9475466183858,25.30332548084838,17.5649376718,20.40960191545,30.5736125997,77.55899520495001,123.50742749698996,130.32033410499298,145.3124894703,0.0625,0.0,0.0,0.0
w4a_c1_uncarved,s199,5,free,dminus,9,400,132.83079784396753,12.334142576644359,37.657057578,70.301204411514,124.021243900635,132.3423133759,148.24821231748498,156.292551180583,159.7806663753,0.9775,0.035,0.0,0.0
w4a_c1_uncarved,s199,5,free,dminus,10,400,150.728900729344,13.095129367752369,121.7361404889,126.43597070156099,130.14284675319502,150.08851868655,174.89715818432995,186.03903806011897,190.60399293,1.0,0.5,0.03,0.0
w4a_c1_uncarved,s199,5,free,dminus,11,400,170.51404023525927,14.426346574505537,124.2101530762,128.93513209992,147.4115418002,171.43355241155,190.963153478655,196.93165221366698,199.1872034984,1.0,0.9325,0.28,0.0
